Program,Year,County,Commodity,Value(acres)
CENSUS,2022,BEAUFORT,AG LAND,"12,910"
CENSUS,2022,BEAUFORT,AG LAND,"77,825"
CENSUS,2022,BEAUFORT,AG LAND,"24,614"
CENSUS,2022,CARTERET,AG LAND, (D)
CENSUS,2022,CARTERET,AG LAND,"4,321"
CENSUS,2022,CARTERET,AG LAND, (D)
CENSUS,2022,CRAVEN,AG LAND,"12,365"
CENSUS,2022,CRAVEN,AG LAND,"34,856"
CENSUS,2022,CRAVEN,AG LAND,"9,214"
CENSUS,2022,GREENE,AG LAND,"5,122"
CENSUS,2022,GREENE,AG LAND,"68,407"
CENSUS,2022,GREENE,AG LAND,"7,939"
CENSUS,2022,HYDE,AG LAND,"7,586"
CENSUS,2022,HYDE,AG LAND,"78,725"
CENSUS,2022,HYDE,AG LAND,"1,738"
CENSUS,2022,JOHNSTON,AG LAND,"11,282"
CENSUS,2022,JOHNSTON,AG LAND,"85,901"
CENSUS,2022,JOHNSTON,AG LAND,"6,390"
CENSUS,2022,JONES,AG LAND,"2,173"
CENSUS,2022,JONES,AG LAND,"42,181"
CENSUS,2022,JONES,AG LAND,"2,525"
CENSUS,2022,LENOIR,AG LAND,"6,696"
CENSUS,2022,LENOIR,AG LAND,"75,338"
CENSUS,2022,LENOIR,AG LAND,"13,404"
CENSUS,2022,PAMLICO,AG LAND,"2,902"
CENSUS,2022,PAMLICO,AG LAND,"31,670"
CENSUS,2022,PAMLICO,AG LAND,"3,773"
CENSUS,2022,PITT,AG LAND,"4,975"
CENSUS,2022,PITT,AG LAND,"106,932"
CENSUS,2022,PITT,AG LAND,"6,044"
CENSUS,2022,WAYNE,AG LAND,"7,805"
CENSUS,2022,WAYNE,AG LAND,"90,391"
CENSUS,2022,WAYNE,AG LAND,"9,503"
CENSUS,2022,WILSON,AG LAND,"14,804"
CENSUS,2022,WILSON,AG LAND,"73,098"
CENSUS,2022,WILSON,AG LAND,"13,993"
CENSUS,2022,ALEXANDER,AG LAND,"4,494"
CENSUS,2022,ALEXANDER,AG LAND,"12,197"
CENSUS,2022,ALEXANDER,AG LAND,310
CENSUS,2022,CATAWBA,AG LAND,"5,059"
CENSUS,2022,CATAWBA,AG LAND,"18,389"
CENSUS,2022,CATAWBA,AG LAND,"1,262"
CENSUS,2022,CHATHAM,AG LAND,"9,812"
CENSUS,2022,CHATHAM,AG LAND,"19,189"
CENSUS,2022,CHATHAM,AG LAND,548
CENSUS,2022,DAVIDSON,AG LAND,"9,874"
CENSUS,2022,DAVIDSON,AG LAND,"16,632"
CENSUS,2022,DAVIDSON,AG LAND,"1,678"
CENSUS,2022,DAVIE,AG LAND, (D)
CENSUS,2022,DAVIE,AG LAND,"24,666"
CENSUS,2022,DAVIE,AG LAND, (D)
CENSUS,2022,IREDELL,AG LAND,"8,016"
CENSUS,2022,IREDELL,AG LAND,"50,593"
CENSUS,2022,IREDELL,AG LAND,713
CENSUS,2022,LEE,AG LAND, (D)
CENSUS,2022,LEE,AG LAND,"10,614"
CENSUS,2022,LEE,AG LAND, (D)
CENSUS,2022,RANDOLPH,AG LAND,"13,029"
CENSUS,2022,RANDOLPH,AG LAND,"34,016"
CENSUS,2022,RANDOLPH,AG LAND,"1,389"
CENSUS,2022,ROWAN,AG LAND,"9,335"
CENSUS,2022,ROWAN,AG LAND,"41,009"
CENSUS,2022,ROWAN,AG LAND,"4,369"
CENSUS,2022,WAKE,AG LAND,"7,469"
CENSUS,2022,WAKE,AG LAND,"15,606"
CENSUS,2022,WAKE,AG LAND,"3,669"
CENSUS,2022,BERTIE,AG LAND,"10,652"
CENSUS,2022,BERTIE,AG LAND,"93,742"
CENSUS,2022,BERTIE,AG LAND,"14,446"
CENSUS,2022,CAMDEN,AG LAND,"3,115"
CENSUS,2022,CAMDEN,AG LAND,"23,509"
CENSUS,2022,CAMDEN,AG LAND,"26,065"
CENSUS,2022,CHOWAN,AG LAND,"2,189"
CENSUS,2022,CHOWAN,AG LAND,"54,281"
CENSUS,2022,CHOWAN,AG LAND,"3,554"
CENSUS,2022,CURRITUCK,AG LAND,"1,196"
CENSUS,2022,CURRITUCK,AG LAND,"23,014"
CENSUS,2022,CURRITUCK,AG LAND,"7,506"
CENSUS,2022,DARE,AG LAND, (D)
CENSUS,2022,DARE,AG LAND, (D)
CENSUS,2022,DARE,AG LAND, (D)
CENSUS,2022,EDGECOMBE,AG LAND,"7,414"
CENSUS,2022,EDGECOMBE,AG LAND,"84,308"
CENSUS,2022,EDGECOMBE,AG LAND,"19,553"
CENSUS,2022,GATES,AG LAND, (D)
CENSUS,2022,GATES,AG LAND,"44,578"
CENSUS,2022,GATES,AG LAND, (D)
CENSUS,2022,HALIFAX,AG LAND,"13,326"
CENSUS,2022,HALIFAX,AG LAND,"108,165"
CENSUS,2022,HALIFAX,AG LAND,"4,982"
CENSUS,2022,HERTFORD,AG LAND,"7,124"
CENSUS,2022,HERTFORD,AG LAND,"31,745"
CENSUS,2022,HERTFORD,AG LAND,"6,642"
CENSUS,2022,MARTIN,AG LAND,"7,391"
CENSUS,2022,MARTIN,AG LAND,"85,276"
CENSUS,2022,MARTIN,AG LAND,"1,972"
CENSUS,2022,NASH,AG LAND,"15,848"
CENSUS,2022,NASH,AG LAND,"48,135"
CENSUS,2022,NASH,AG LAND,"13,872"
CENSUS,2022,NORTHAMPTON,AG LAND,"9,419"
CENSUS,2022,NORTHAMPTON,AG LAND,"98,997"
CENSUS,2022,NORTHAMPTON,AG LAND,"5,719"
CENSUS,2022,PASQUOTANK,AG LAND,"1,165"
CENSUS,2022,PASQUOTANK,AG LAND,"75,234"
CENSUS,2022,PASQUOTANK,AG LAND,"11,185"
CENSUS,2022,PERQUIMANS,AG LAND,"3,539"
CENSUS,2022,PERQUIMANS,AG LAND,"63,276"
CENSUS,2022,PERQUIMANS,AG LAND,"4,928"
CENSUS,2022,TYRRELL,AG LAND,"2,061"
CENSUS,2022,TYRRELL,AG LAND,"44,654"
CENSUS,2022,TYRRELL,AG LAND,"7,451"
CENSUS,2022,WASHINGTON,AG LAND,"2,123"
CENSUS,2022,WASHINGTON,AG LAND,"51,974"
CENSUS,2022,WASHINGTON,AG LAND,"14,654"
CENSUS,2022,ALLEGHANY,AG LAND,"7,107"
CENSUS,2022,ALLEGHANY,AG LAND,"11,662"
CENSUS,2022,ALLEGHANY,AG LAND,277
CENSUS,2022,ASHE,AG LAND,"6,658"
CENSUS,2022,ASHE,AG LAND,"16,376"
CENSUS,2022,ASHE,AG LAND,"1,050"
CENSUS,2022,AVERY,AG LAND,"4,612"
CENSUS,2022,AVERY,AG LAND,"4,700"
CENSUS,2022,AVERY,AG LAND,91
CENSUS,2022,CALDWELL,AG LAND,"3,824"
CENSUS,2022,CALDWELL,AG LAND,"8,105"
CENSUS,2022,CALDWELL,AG LAND,85
CENSUS,2022,SURRY,AG LAND,"8,445"
CENSUS,2022,SURRY,AG LAND,"36,125"
CENSUS,2022,SURRY,AG LAND,965
CENSUS,2022,WATAUGA,AG LAND,"2,577"
CENSUS,2022,WATAUGA,AG LAND,"4,485"
CENSUS,2022,WATAUGA,AG LAND,623
CENSUS,2022,WILKES,AG LAND,"8,264"
CENSUS,2022,WILKES,AG LAND,"22,899"
CENSUS,2022,WILKES,AG LAND,"1,303"
CENSUS,2022,YADKIN,AG LAND,"7,348"
CENSUS,2022,YADKIN,AG LAND,"47,461"
CENSUS,2022,YADKIN,AG LAND,"2,379"
CENSUS,2022,ALAMANCE,AG LAND,"6,493"
CENSUS,2022,ALAMANCE,AG LAND,"13,312"
CENSUS,2022,ALAMANCE,AG LAND,960
CENSUS,2022,CASWELL,AG LAND,"4,514"
CENSUS,2022,CASWELL,AG LAND,"10,948"
CENSUS,2022,CASWELL,AG LAND,395
CENSUS,2022,DURHAM,AG LAND,"1,334"
CENSUS,2022,DURHAM,AG LAND,"2,663"
CENSUS,2022,DURHAM,AG LAND,305
CENSUS,2022,FORSYTH,AG LAND,"2,652"
CENSUS,2022,FORSYTH,AG LAND,"9,555"
CENSUS,2022,FORSYTH,AG LAND,433
CENSUS,2022,FRANKLIN,AG LAND,"7,107"
CENSUS,2022,FRANKLIN,AG LAND,"31,591"
CENSUS,2022,FRANKLIN,AG LAND,786
CENSUS,2022,GRANVILLE,AG LAND,"7,278"
CENSUS,2022,GRANVILLE,AG LAND,"13,981"
CENSUS,2022,GRANVILLE,AG LAND,346
CENSUS,2022,GUILFORD,AG LAND,"10,469"
CENSUS,2022,GUILFORD,AG LAND,"20,965"
CENSUS,2022,GUILFORD,AG LAND,491
CENSUS,2022,ORANGE,AG LAND,"4,625"
CENSUS,2022,ORANGE,AG LAND,"10,740"
CENSUS,2022,ORANGE,AG LAND,456
CENSUS,2022,PERSON,AG LAND, (D)
CENSUS,2022,PERSON,AG LAND,"32,506"
CENSUS,2022,PERSON,AG LAND, (D)
CENSUS,2022,ROCKINGHAM,AG LAND,"8,575"
CENSUS,2022,ROCKINGHAM,AG LAND,"22,755"
CENSUS,2022,ROCKINGHAM,AG LAND,230
CENSUS,2022,STOKES,AG LAND,"7,544"
CENSUS,2022,STOKES,AG LAND,"13,894"
CENSUS,2022,STOKES,AG LAND,369
CENSUS,2022,VANCE,AG LAND,"5,277"
CENSUS,2022,VANCE,AG LAND,"4,625"
CENSUS,2022,VANCE,AG LAND,"3,634"
CENSUS,2022,WARREN,AG LAND,"3,347"
CENSUS,2022,WARREN,AG LAND,"16,807"
CENSUS,2022,WARREN,AG LAND,"3,289"
CENSUS,2022,BLADEN,AG LAND,"15,720"
CENSUS,2022,BLADEN,AG LAND,"29,322"
CENSUS,2022,BLADEN,AG LAND,"1,301"
CENSUS,2022,BRUNSWICK,AG LAND,"2,820"
CENSUS,2022,BRUNSWICK,AG LAND,"23,492"
CENSUS,2022,BRUNSWICK,AG LAND,187
CENSUS,2022,COLUMBUS,AG LAND,"6,640"
CENSUS,2022,COLUMBUS,AG LAND,"62,074"
CENSUS,2022,COLUMBUS,AG LAND,"2,105"
CENSUS,2022,CUMBERLAND,AG LAND,"5,399"
CENSUS,2022,CUMBERLAND,AG LAND,"23,093"
CENSUS,2022,CUMBERLAND,AG LAND,"2,835"
CENSUS,2022,DUPLIN,AG LAND,"23,838"
CENSUS,2022,DUPLIN,AG LAND,"115,117"
CENSUS,2022,DUPLIN,AG LAND,"18,713"
CENSUS,2022,HARNETT,AG LAND,"4,427"
CENSUS,2022,HARNETT,AG LAND,"58,478"
CENSUS,2022,HARNETT,AG LAND,"3,796"
CENSUS,2022,HOKE,AG LAND, (D)
CENSUS,2022,HOKE,AG LAND,"11,715"
CENSUS,2022,HOKE,AG LAND, (D)
CENSUS,2022,NEW HANOVER,AG LAND,270
CENSUS,2022,NEW HANOVER,AG LAND,495
CENSUS,2022,NEW HANOVER,AG LAND,27
CENSUS,2022,ONSLOW,AG LAND,"3,963"
CENSUS,2022,ONSLOW,AG LAND,"25,100"
CENSUS,2022,ONSLOW,AG LAND,"1,665"
CENSUS,2022,PENDER,AG LAND,"2,576"
CENSUS,2022,PENDER,AG LAND,"32,024"
CENSUS,2022,PENDER,AG LAND,"3,876"
CENSUS,2022,ROBESON,AG LAND,"17,144"
CENSUS,2022,ROBESON,AG LAND,"156,360"
CENSUS,2022,ROBESON,AG LAND,"3,565"
CENSUS,2022,SAMPSON,AG LAND,"23,454"
CENSUS,2022,SAMPSON,AG LAND,"135,664"
CENSUS,2022,SAMPSON,AG LAND,"15,893"
CENSUS,2022,SCOTLAND,AG LAND,"3,530"
CENSUS,2022,SCOTLAND,AG LAND,"21,110"
CENSUS,2022,ANSON,AG LAND,"5,052"
CENSUS,2022,ANSON,AG LAND,"20,097"
CENSUS,2022,ANSON,AG LAND,548
CENSUS,2022,CABARRUS,AG LAND,"9,256"
CENSUS,2022,CABARRUS,AG LAND,"21,801"
CENSUS,2022,CABARRUS,AG LAND,860
CENSUS,2022,CLEVELAND,AG LAND,"9,017"
CENSUS,2022,CLEVELAND,AG LAND,"28,496"
CENSUS,2022,CLEVELAND,AG LAND,"3,240"
CENSUS,2022,GASTON,AG LAND,"3,819"
CENSUS,2022,GASTON,AG LAND,"9,393"
CENSUS,2022,GASTON,AG LAND,662
CENSUS,2022,LINCOLN,AG LAND,"5,142"
CENSUS,2022,LINCOLN,AG LAND,"17,081"
CENSUS,2022,LINCOLN,AG LAND,260
CENSUS,2022,MECKLENBURG,AG LAND,"1,134"
CENSUS,2022,MECKLENBURG,AG LAND,844
CENSUS,2022,MECKLENBURG,AG LAND,352
CENSUS,2022,MONTGOMERY,AG LAND,"3,211"
CENSUS,2022,MONTGOMERY,AG LAND,"6,558"
CENSUS,2022,MONTGOMERY,AG LAND,"1,354"
CENSUS,2022,MOORE,AG LAND,"5,859"
CENSUS,2022,MOORE,AG LAND,"15,266"
CENSUS,2022,MOORE,AG LAND,127
CENSUS,2022,RICHMOND,AG LAND,"1,935"
CENSUS,2022,RICHMOND,AG LAND,"7,457"
CENSUS,2022,RICHMOND,AG LAND,"1,056"
CENSUS,2022,STANLY,AG LAND,"8,150"
CENSUS,2022,STANLY,AG LAND,"48,087"
CENSUS,2022,STANLY,AG LAND,"4,697"
CENSUS,2022,UNION,AG LAND,"31,398"
CENSUS,2022,UNION,AG LAND,"105,648"
CENSUS,2022,UNION,AG LAND,"4,265"
CENSUS,2022,BUNCOMBE,AG LAND,"7,417"
CENSUS,2022,BUNCOMBE,AG LAND,"7,713"
CENSUS,2022,BUNCOMBE,AG LAND,863
CENSUS,2022,BURKE,AG LAND,"3,285"
CENSUS,2022,BURKE,AG LAND,"7,607"
CENSUS,2022,BURKE,AG LAND,"1,258"
CENSUS,2022,CHEROKEE,AG LAND,"1,017"
CENSUS,2022,CHEROKEE,AG LAND,"3,895"
CENSUS,2022,CHEROKEE,AG LAND,702
CENSUS,2022,CLAY,AG LAND,"1,520"
CENSUS,2022,CLAY,AG LAND,"3,667"
CENSUS,2022,CLAY,AG LAND,164
CENSUS,2022,GRAHAM,AG LAND, (D)
CENSUS,2022,GRAHAM,AG LAND, (D)
CENSUS,2022,GRAHAM,AG LAND, (D)
CENSUS,2022,HAYWOOD,AG LAND,"4,060"
CENSUS,2022,HAYWOOD,AG LAND,"5,089"
CENSUS,2022,HAYWOOD,AG LAND,296
CENSUS,2022,HENDERSON,AG LAND,"3,653"
CENSUS,2022,HENDERSON,AG LAND,"8,389"
CENSUS,2022,HENDERSON,AG LAND,"3,574"
CENSUS,2022,JACKSON,AG LAND,"1,315"
CENSUS,2022,JACKSON,AG LAND,"2,661"
CENSUS,2022,JACKSON,AG LAND,202
CENSUS,2022,MACON,AG LAND,"1,165"
CENSUS,2022,MACON,AG LAND,"2,589"
CENSUS,2022,MACON,AG LAND,194
CENSUS,2022,MADISON,AG LAND,"3,785"
CENSUS,2022,MADISON,AG LAND,"1,735"
CENSUS,2022,MADISON,AG LAND,147
CENSUS,2022,MCDOWELL,AG LAND,"1,515"
CENSUS,2022,MCDOWELL,AG LAND,"1,562"
CENSUS,2022,MCDOWELL,AG LAND,87
CENSUS,2022,MITCHELL,AG LAND,862
CENSUS,2022,MITCHELL,AG LAND,"1,363"
CENSUS,2022,MITCHELL,AG LAND,232
CENSUS,2022,POLK,AG LAND,"2,397"
CENSUS,2022,POLK,AG LAND,"2,960"
CENSUS,2022,POLK,AG LAND,146
CENSUS,2022,RUTHERFORD,AG LAND,"4,715"
CENSUS,2022,RUTHERFORD,AG LAND,"10,639"
CENSUS,2022,RUTHERFORD,AG LAND,363
CENSUS,2022,SWAIN,AG LAND,172
CENSUS,2022,SWAIN,AG LAND, (D)
CENSUS,2022,SWAIN,AG LAND, (D)
CENSUS,2022,TRANSYLVANIA,AG LAND,"1,384"
CENSUS,2022,TRANSYLVANIA,AG LAND,905
CENSUS,2022,TRANSYLVANIA,AG LAND,134
CENSUS,2022,YANCEY,AG LAND,"1,278"
CENSUS,2022,YANCEY,AG LAND,"2,713"
CENSUS,2022,YANCEY,AG LAND,188
CENSUS,2017,BEAUFORT,AG LAND,"8,987"
CENSUS,2017,BEAUFORT,AG LAND,"81,242"
CENSUS,2017,BEAUFORT,AG LAND,"24,584"
CENSUS,2017,CARTERET,AG LAND, (D)
CENSUS,2017,CARTERET,AG LAND, (D)
CENSUS,2017,CARTERET,AG LAND, (D)
CENSUS,2017,CRAVEN,AG LAND,"4,915"
CENSUS,2017,CRAVEN,AG LAND,"46,951"
CENSUS,2017,CRAVEN,AG LAND,"6,699"
CENSUS,2017,GREENE,AG LAND,"2,925"
CENSUS,2017,GREENE,AG LAND,"49,284"
CENSUS,2017,GREENE,AG LAND,"14,403"
CENSUS,2017,HYDE,AG LAND,"6,540"
CENSUS,2017,HYDE,AG LAND,"70,688"
CENSUS,2017,HYDE,AG LAND,"7,651"
CENSUS,2017,JOHNSTON,AG LAND,"13,050"
CENSUS,2017,JOHNSTON,AG LAND,"102,430"
CENSUS,2017,JOHNSTON,AG LAND,"2,966"
CENSUS,2017,JONES,AG LAND,"1,217"
CENSUS,2017,JONES,AG LAND,"41,738"
CENSUS,2017,JONES,AG LAND,"2,903"
CENSUS,2017,LENOIR,AG LAND,"7,930"
CENSUS,2017,LENOIR,AG LAND,"64,149"
CENSUS,2017,LENOIR,AG LAND,"10,489"
CENSUS,2017,PAMLICO,AG LAND, (D)
CENSUS,2017,PAMLICO,AG LAND,"31,749"
CENSUS,2017,PAMLICO,AG LAND, (D)
CENSUS,2017,PITT,AG LAND,"10,268"
CENSUS,2017,PITT,AG LAND,"104,799"
CENSUS,2017,PITT,AG LAND,"20,136"
CENSUS,2017,WAYNE,AG LAND,"7,475"
CENSUS,2017,WAYNE,AG LAND,"108,650"
CENSUS,2017,WAYNE,AG LAND,"7,492"
CENSUS,2017,WILSON,AG LAND,"2,347"
CENSUS,2017,WILSON,AG LAND,"87,749"
CENSUS,2017,WILSON,AG LAND,"5,650"
CENSUS,2017,ALEXANDER,AG LAND,"3,750"
CENSUS,2017,ALEXANDER,AG LAND,"13,361"
CENSUS,2017,ALEXANDER,AG LAND,"1,507"
CENSUS,2017,CATAWBA,AG LAND,"4,858"
CENSUS,2017,CATAWBA,AG LAND,"25,267"
CENSUS,2017,CATAWBA,AG LAND,"1,335"
CENSUS,2017,CHATHAM,AG LAND,"8,670"
CENSUS,2017,CHATHAM,AG LAND,"17,391"
CENSUS,2017,CHATHAM,AG LAND,"1,134"
CENSUS,2017,DAVIDSON,AG LAND,"10,716"
CENSUS,2017,DAVIDSON,AG LAND,"26,301"
CENSUS,2017,DAVIDSON,AG LAND,877
CENSUS,2017,DAVIE,AG LAND,"6,435"
CENSUS,2017,DAVIE,AG LAND,"25,253"
CENSUS,2017,DAVIE,AG LAND,"2,061"
CENSUS,2017,IREDELL,AG LAND,"12,364"
CENSUS,2017,IREDELL,AG LAND,"47,172"
CENSUS,2017,IREDELL,AG LAND,"2,050"
CENSUS,2017,LEE,AG LAND,"1,257"
CENSUS,2017,LEE,AG LAND,"14,470"
CENSUS,2017,LEE,AG LAND,278
CENSUS,2017,RANDOLPH,AG LAND,"15,573"
CENSUS,2017,RANDOLPH,AG LAND,"37,170"
CENSUS,2017,RANDOLPH,AG LAND,"1,784"
CENSUS,2017,ROWAN,AG LAND,"8,972"
CENSUS,2017,ROWAN,AG LAND,"45,507"
CENSUS,2017,ROWAN,AG LAND,"5,954"
CENSUS,2017,WAKE,AG LAND,"7,296"
CENSUS,2017,WAKE,AG LAND,"27,224"
CENSUS,2017,WAKE,AG LAND,"2,331"
CENSUS,2017,BERTIE,AG LAND,"7,535"
CENSUS,2017,BERTIE,AG LAND,"76,725"
CENSUS,2017,BERTIE,AG LAND,"16,570"
CENSUS,2017,CAMDEN,AG LAND,"4,117"
CENSUS,2017,CAMDEN,AG LAND,"25,488"
CENSUS,2017,CAMDEN,AG LAND,"23,840"
CENSUS,2017,CHOWAN,AG LAND,"1,895"
CENSUS,2017,CHOWAN,AG LAND,"35,355"
CENSUS,2017,CHOWAN,AG LAND,"4,375"
CENSUS,2017,CURRITUCK,AG LAND,"1,064"
CENSUS,2017,CURRITUCK,AG LAND,"26,955"
CENSUS,2017,CURRITUCK,AG LAND,"6,653"
CENSUS,2017,DARE,AG LAND,121
CENSUS,2017,DARE,AG LAND,"2,239"
CENSUS,2017,DARE,AG LAND,3
CENSUS,2017,EDGECOMBE,AG LAND,"7,161"
CENSUS,2017,EDGECOMBE,AG LAND,"80,204"
CENSUS,2017,EDGECOMBE,AG LAND,"11,277"
CENSUS,2017,GATES,AG LAND,"2,906"
CENSUS,2017,GATES,AG LAND,"40,659"
CENSUS,2017,GATES,AG LAND,309
CENSUS,2017,HALIFAX,AG LAND,"12,405"
CENSUS,2017,HALIFAX,AG LAND,"105,101"
CENSUS,2017,HALIFAX,AG LAND,"5,768"
CENSUS,2017,HERTFORD,AG LAND,"1,498"
CENSUS,2017,HERTFORD,AG LAND,"47,119"
CENSUS,2017,HERTFORD,AG LAND,"4,747"
CENSUS,2017,MARTIN,AG LAND,"8,344"
CENSUS,2017,MARTIN,AG LAND,"76,821"
CENSUS,2017,MARTIN,AG LAND,"12,610"
CENSUS,2017,NASH,AG LAND,"2,368"
CENSUS,2017,NASH,AG LAND,"64,841"
CENSUS,2017,NASH,AG LAND,"18,661"
CENSUS,2017,NORTHAMPTON,AG LAND,"8,878"
CENSUS,2017,NORTHAMPTON,AG LAND,"86,308"
CENSUS,2017,NORTHAMPTON,AG LAND,"6,157"
CENSUS,2017,PASQUOTANK,AG LAND,"2,297"
CENSUS,2017,PASQUOTANK,AG LAND,"48,696"
CENSUS,2017,PASQUOTANK,AG LAND,"17,566"
CENSUS,2017,PERQUIMANS,AG LAND,"4,532"
CENSUS,2017,PERQUIMANS,AG LAND,"66,588"
CENSUS,2017,PERQUIMANS,AG LAND,"1,900"
CENSUS,2017,TYRRELL,AG LAND,"1,292"
CENSUS,2017,TYRRELL,AG LAND,"41,834"
CENSUS,2017,TYRRELL,AG LAND,"7,106"
CENSUS,2017,WASHINGTON,AG LAND,"2,030"
CENSUS,2017,WASHINGTON,AG LAND,"52,343"
CENSUS,2017,WASHINGTON,AG LAND,"13,623"
CENSUS,2017,ALLEGHANY,AG LAND,"8,726"
CENSUS,2017,ALLEGHANY,AG LAND,"13,105"
CENSUS,2017,ALLEGHANY,AG LAND,269
CENSUS,2017,ASHE,AG LAND,"8,859"
CENSUS,2017,ASHE,AG LAND,"18,180"
CENSUS,2017,ASHE,AG LAND,957
CENSUS,2017,AVERY,AG LAND,"5,241"
CENSUS,2017,AVERY,AG LAND,"2,933"
CENSUS,2017,AVERY,AG LAND,242
CENSUS,2017,CALDWELL,AG LAND,"4,986"
CENSUS,2017,CALDWELL,AG LAND,"6,885"
CENSUS,2017,CALDWELL,AG LAND,113
CENSUS,2017,SURRY,AG LAND,"11,178"
CENSUS,2017,SURRY,AG LAND,"43,777"
CENSUS,2017,SURRY,AG LAND,"3,011"
CENSUS,2017,WATAUGA,AG LAND, (D)
CENSUS,2017,WATAUGA,AG LAND,"8,451"
CENSUS,2017,WATAUGA,AG LAND, (D)
CENSUS,2017,WILKES,AG LAND,"8,400"
CENSUS,2017,WILKES,AG LAND,"24,572"
CENSUS,2017,WILKES,AG LAND,"1,826"
CENSUS,2017,YADKIN,AG LAND,"6,172"
CENSUS,2017,YADKIN,AG LAND,"37,519"
CENSUS,2017,YADKIN,AG LAND,679
CENSUS,2017,ALAMANCE,AG LAND,"5,465"
CENSUS,2017,ALAMANCE,AG LAND,"18,716"
CENSUS,2017,ALAMANCE,AG LAND,"1,162"
CENSUS,2017,CASWELL,AG LAND,"4,738"
CENSUS,2017,CASWELL,AG LAND,"14,224"
CENSUS,2017,CASWELL,AG LAND,90
CENSUS,2017,DURHAM,AG LAND,"2,135"
CENSUS,2017,DURHAM,AG LAND,"2,208"
CENSUS,2017,DURHAM,AG LAND,86
CENSUS,2017,FORSYTH,AG LAND,"4,059"
CENSUS,2017,FORSYTH,AG LAND,"7,946"
CENSUS,2017,FORSYTH,AG LAND,359
CENSUS,2017,FRANKLIN,AG LAND,"6,093"
CENSUS,2017,FRANKLIN,AG LAND,"28,268"
CENSUS,2017,FRANKLIN,AG LAND,"2,744"
CENSUS,2017,GRANVILLE,AG LAND,"6,672"
CENSUS,2017,GRANVILLE,AG LAND,"20,362"
CENSUS,2017,GRANVILLE,AG LAND,269
CENSUS,2017,GUILFORD,AG LAND,"6,096"
CENSUS,2017,GUILFORD,AG LAND,"25,339"
CENSUS,2017,GUILFORD,AG LAND,"1,667"
CENSUS,2017,ORANGE,AG LAND,"4,593"
CENSUS,2017,ORANGE,AG LAND,"18,128"
CENSUS,2017,ORANGE,AG LAND,"2,291"
CENSUS,2017,PERSON,AG LAND, (D)
CENSUS,2017,PERSON,AG LAND,"33,198"
CENSUS,2017,PERSON,AG LAND, (D)
CENSUS,2017,ROCKINGHAM,AG LAND,"8,508"
CENSUS,2017,ROCKINGHAM,AG LAND,"22,729"
CENSUS,2017,ROCKINGHAM,AG LAND,"1,688"
CENSUS,2017,STOKES,AG LAND,"8,895"
CENSUS,2017,STOKES,AG LAND,"14,232"
CENSUS,2017,STOKES,AG LAND,603
CENSUS,2017,VANCE,AG LAND,"2,962"
CENSUS,2017,VANCE,AG LAND,"11,180"
CENSUS,2017,VANCE,AG LAND,356
CENSUS,2017,WARREN,AG LAND,"4,625"
CENSUS,2017,WARREN,AG LAND,"14,941"
CENSUS,2017,WARREN,AG LAND,748
CENSUS,2017,BLADEN,AG LAND,"12,152"
CENSUS,2017,BLADEN,AG LAND,"39,628"
CENSUS,2017,BLADEN,AG LAND,"9,920"
CENSUS,2017,BRUNSWICK,AG LAND,"1,995"
CENSUS,2017,BRUNSWICK,AG LAND,"18,450"
CENSUS,2017,BRUNSWICK,AG LAND,488
CENSUS,2017,COLUMBUS,AG LAND,"5,440"
CENSUS,2017,COLUMBUS,AG LAND,"84,883"
CENSUS,2017,COLUMBUS,AG LAND,"11,138"
CENSUS,2017,CUMBERLAND,AG LAND,"6,218"
CENSUS,2017,CUMBERLAND,AG LAND,"21,768"
CENSUS,2017,CUMBERLAND,AG LAND,"3,096"
CENSUS,2017,DUPLIN,AG LAND,"32,457"
CENSUS,2017,DUPLIN,AG LAND,"105,469"
CENSUS,2017,DUPLIN,AG LAND,"4,911"
CENSUS,2017,HARNETT,AG LAND,"6,404"
CENSUS,2017,HARNETT,AG LAND,"47,966"
CENSUS,2017,HARNETT,AG LAND,"5,484"
CENSUS,2017,HOKE,AG LAND, (D)
CENSUS,2017,HOKE,AG LAND,"18,887"
CENSUS,2017,HOKE,AG LAND, (D)
CENSUS,2017,NEW HANOVER,AG LAND,65
CENSUS,2017,NEW HANOVER,AG LAND,8
CENSUS,2017,NEW HANOVER,AG LAND,110
CENSUS,2017,ONSLOW,AG LAND,"3,103"
CENSUS,2017,ONSLOW,AG LAND,"24,593"
CENSUS,2017,ONSLOW,AG LAND,"2,088"
CENSUS,2017,PENDER,AG LAND,"7,692"
CENSUS,2017,PENDER,AG LAND,"21,415"
CENSUS,2017,PENDER,AG LAND,"2,303"
CENSUS,2017,ROBESON,AG LAND,"21,873"
CENSUS,2017,ROBESON,AG LAND,"160,559"
CENSUS,2017,ROBESON,AG LAND,"9,715"
CENSUS,2017,SAMPSON,AG LAND,"29,647"
CENSUS,2017,SAMPSON,AG LAND,"128,731"
CENSUS,2017,SAMPSON,AG LAND,"19,488"
CENSUS,2017,SCOTLAND,AG LAND, (D)
CENSUS,2017,SCOTLAND,AG LAND,"20,847"
CENSUS,2017,SCOTLAND,AG LAND, (D)
CENSUS,2017,ANSON,AG LAND,"4,332"
CENSUS,2017,ANSON,AG LAND,"23,678"
CENSUS,2017,ANSON,AG LAND,"1,180"
CENSUS,2017,CABARRUS,AG LAND,"6,827"
CENSUS,2017,CABARRUS,AG LAND,"20,552"
CENSUS,2017,CABARRUS,AG LAND,913
CENSUS,2017,CLEVELAND,AG LAND,"10,237"
CENSUS,2017,CLEVELAND,AG LAND,"26,478"
CENSUS,2017,CLEVELAND,AG LAND,"4,223"
CENSUS,2017,GASTON,AG LAND,"4,255"
CENSUS,2017,GASTON,AG LAND,"8,138"
CENSUS,2017,GASTON,AG LAND,908
CENSUS,2017,LINCOLN,AG LAND, (D)
CENSUS,2017,LINCOLN,AG LAND,"21,243"
CENSUS,2017,LINCOLN,AG LAND, (D)
CENSUS,2017,MECKLENBURG,AG LAND, (D)
CENSUS,2017,MECKLENBURG,AG LAND,"3,403"
CENSUS,2017,MECKLENBURG,AG LAND, (D)
CENSUS,2017,MONTGOMERY,AG LAND,"3,221"
CENSUS,2017,MONTGOMERY,AG LAND,"4,026"
CENSUS,2017,MONTGOMERY,AG LAND,"1,120"
CENSUS,2017,MOORE,AG LAND,"4,456"
CENSUS,2017,MOORE,AG LAND,"13,056"
CENSUS,2017,MOORE,AG LAND,397
CENSUS,2017,RICHMOND,AG LAND,"10,460"
CENSUS,2017,RICHMOND,AG LAND, (D)
CENSUS,2017,RICHMOND,AG LAND, (D)
CENSUS,2017,STANLY,AG LAND,"6,737"
CENSUS,2017,STANLY,AG LAND,"41,268"
CENSUS,2017,STANLY,AG LAND,"1,878"
CENSUS,2017,UNION,AG LAND,"10,177"
CENSUS,2017,UNION,AG LAND,"123,501"
CENSUS,2017,UNION,AG LAND,"1,836"
CENSUS,2017,BUNCOMBE,AG LAND,"5,260"
CENSUS,2017,BUNCOMBE,AG LAND,"8,217"
CENSUS,2017,BUNCOMBE,AG LAND,873
CENSUS,2017,BURKE,AG LAND,"5,544"
CENSUS,2017,BURKE,AG LAND,"8,037"
CENSUS,2017,BURKE,AG LAND,"1,820"
CENSUS,2017,CHEROKEE,AG LAND,"1,132"
CENSUS,2017,CHEROKEE,AG LAND,"4,375"
CENSUS,2017,CHEROKEE,AG LAND,171
CENSUS,2017,CLAY,AG LAND,"1,217"
CENSUS,2017,CLAY,AG LAND,"2,440"
CENSUS,2017,CLAY,AG LAND,364
CENSUS,2017,GRAHAM,AG LAND,"1,671"
CENSUS,2017,GRAHAM,AG LAND,888
CENSUS,2017,GRAHAM,AG LAND,20
CENSUS,2017,HAYWOOD,AG LAND,"2,264"
CENSUS,2017,HAYWOOD,AG LAND,"6,558"
CENSUS,2017,HAYWOOD,AG LAND,432
CENSUS,2017,HENDERSON,AG LAND,"3,546"
CENSUS,2017,HENDERSON,AG LAND,"12,820"
CENSUS,2017,HENDERSON,AG LAND,"2,231"
CENSUS,2017,JACKSON,AG LAND,"1,829"
CENSUS,2017,JACKSON,AG LAND,"2,064"
CENSUS,2017,JACKSON,AG LAND,165
CENSUS,2017,MACON,AG LAND, (D)
CENSUS,2017,MACON,AG LAND, (D)
CENSUS,2017,MACON,AG LAND,300
CENSUS,2017,MADISON,AG LAND,"3,006"
CENSUS,2017,MADISON,AG LAND,"4,098"
CENSUS,2017,MADISON,AG LAND,206
CENSUS,2017,MCDOWELL,AG LAND, (D)
CENSUS,2017,MCDOWELL,AG LAND,"2,468"
CENSUS,2017,MCDOWELL,AG LAND, (D)
CENSUS,2017,MITCHELL,AG LAND,956
CENSUS,2017,MITCHELL,AG LAND,"1,271"
CENSUS,2017,MITCHELL,AG LAND,133
CENSUS,2017,POLK,AG LAND,"3,477"
CENSUS,2017,POLK,AG LAND,"1,934"
CENSUS,2017,POLK,AG LAND,76
CENSUS,2017,RUTHERFORD,AG LAND, (D)
CENSUS,2017,RUTHERFORD,AG LAND,"7,559"
CENSUS,2017,RUTHERFORD,AG LAND, (D)
CENSUS,2017,SWAIN,AG LAND,213
CENSUS,2017,SWAIN,AG LAND,488
CENSUS,2017,SWAIN,AG LAND,158
CENSUS,2017,TRANSYLVANIA,AG LAND,"1,450"
CENSUS,2017,TRANSYLVANIA,AG LAND,"2,149"
CENSUS,2017,TRANSYLVANIA,AG LAND,259
CENSUS,2017,YANCEY,AG LAND,"1,855"
CENSUS,2017,YANCEY,AG LAND,"3,405"
CENSUS,2017,YANCEY,AG LAND,94
CENSUS,2012,BEAUFORT,AG LAND, (D)
CENSUS,2012,BEAUFORT,AG LAND,"19,797"
CENSUS,2012,BEAUFORT,AG LAND,"86,645"
CENSUS,2012,BEAUFORT,AG LAND,"19,141"
CENSUS,2012,BEAUFORT,AG LAND, (D)
CENSUS,2012,BEAUFORT,AG LAND, (D)
CENSUS,2012,CARTERET,AG LAND, (D)
CENSUS,2012,CARTERET,AG LAND, (D)
CENSUS,2012,CARTERET,AG LAND,"7,226"
CENSUS,2012,CARTERET,AG LAND, (D)
CENSUS,2012,CARTERET,AG LAND, (D)
CENSUS,2012,CARTERET,AG LAND, (D)
CENSUS,2012,CRAVEN,AG LAND,398
CENSUS,2012,CRAVEN,AG LAND,"6,524"
CENSUS,2012,CRAVEN,AG LAND,"33,795"
CENSUS,2012,CRAVEN,AG LAND,"8,903"
CENSUS,2012,CRAVEN,AG LAND,336
CENSUS,2012,CRAVEN,AG LAND,62
CENSUS,2012,GREENE,AG LAND,"1,014"
CENSUS,2012,GREENE,AG LAND,"5,550"
CENSUS,2012,GREENE,AG LAND,"50,369"
CENSUS,2012,GREENE,AG LAND,"10,926"
CENSUS,2012,GREENE,AG LAND,254
CENSUS,2012,GREENE,AG LAND, (D)
CENSUS,2012,GREENE,AG LAND, (D)
CENSUS,2012,HYDE,AG LAND,269
CENSUS,2012,HYDE,AG LAND,"6,931"
CENSUS,2012,HYDE,AG LAND,"54,490"
CENSUS,2012,HYDE,AG LAND,"12,214"
CENSUS,2012,HYDE,AG LAND, (D)
CENSUS,2012,HYDE,AG LAND, (D)
CENSUS,2012,JOHNSTON,AG LAND,"4,661"
CENSUS,2012,JOHNSTON,AG LAND,"21,956"
CENSUS,2012,JOHNSTON,AG LAND,"89,577"
CENSUS,2012,JOHNSTON,AG LAND,"6,272"
CENSUS,2012,JOHNSTON,AG LAND, (D)
CENSUS,2012,JOHNSTON,AG LAND,"4,276"
CENSUS,2012,JOHNSTON,AG LAND, (D)
CENSUS,2012,JONES,AG LAND,"3,186"
CENSUS,2012,JONES,AG LAND,"1,551"
CENSUS,2012,JONES,AG LAND,"29,875"
CENSUS,2012,JONES,AG LAND,"9,671"
CENSUS,2012,JONES,AG LAND, (D)
CENSUS,2012,JONES,AG LAND, (D)
CENSUS,2012,LENOIR,AG LAND,"2,388"
CENSUS,2012,LENOIR,AG LAND,"6,269"
CENSUS,2012,LENOIR,AG LAND,"72,736"
CENSUS,2012,LENOIR,AG LAND,"11,778"
CENSUS,2012,LENOIR,AG LAND, (D)
CENSUS,2012,LENOIR,AG LAND, (D)
CENSUS,2012,PAMLICO,AG LAND, (D)
CENSUS,2012,PAMLICO,AG LAND, (D)
CENSUS,2012,PAMLICO,AG LAND,"30,873"
CENSUS,2012,PAMLICO,AG LAND, (D)
CENSUS,2012,PAMLICO,AG LAND, (D)
CENSUS,2012,PITT,AG LAND, (D)
CENSUS,2012,PITT,AG LAND,"9,853"
CENSUS,2012,PITT,AG LAND,"97,648"
CENSUS,2012,PITT,AG LAND,"22,018"
CENSUS,2012,PITT,AG LAND,74
CENSUS,2012,PITT,AG LAND, (D)
CENSUS,2012,PITT,AG LAND, (D)
CENSUS,2012,WAYNE,AG LAND,"9,098"
CENSUS,2012,WAYNE,AG LAND,"11,710"
CENSUS,2012,WAYNE,AG LAND,"120,037"
CENSUS,2012,WAYNE,AG LAND,"10,936"
CENSUS,2012,WAYNE,AG LAND,"1,349"
CENSUS,2012,WAYNE,AG LAND,"7,499"
CENSUS,2012,WAYNE,AG LAND,250
CENSUS,2012,WILSON,AG LAND, (D)
CENSUS,2012,WILSON,AG LAND,"2,034"
CENSUS,2012,WILSON,AG LAND,"73,070"
CENSUS,2012,WILSON,AG LAND,"8,531"
CENSUS,2012,WILSON,AG LAND, (D)
CENSUS,2012,WILSON,AG LAND, (D)
CENSUS,2012,WILSON,AG LAND, (D)
CENSUS,2012,ALEXANDER,AG LAND,"1,415"
CENSUS,2012,ALEXANDER,AG LAND,"3,132"
CENSUS,2012,ALEXANDER,AG LAND,"15,670"
CENSUS,2012,ALEXANDER,AG LAND,203
CENSUS,2012,ALEXANDER,AG LAND,392
CENSUS,2012,ALEXANDER,AG LAND,"1,001"
CENSUS,2012,ALEXANDER,AG LAND,22
CENSUS,2012,CATAWBA,AG LAND,938
CENSUS,2012,CATAWBA,AG LAND,"4,779"
CENSUS,2012,CATAWBA,AG LAND,"20,194"
CENSUS,2012,CATAWBA,AG LAND,"1,668"
CENSUS,2012,CATAWBA,AG LAND,425
CENSUS,2012,CATAWBA,AG LAND,363
CENSUS,2012,CATAWBA,AG LAND,150
CENSUS,2012,CHATHAM,AG LAND,"1,736"
CENSUS,2012,CHATHAM,AG LAND,"6,532"
CENSUS,2012,CHATHAM,AG LAND,"14,566"
CENSUS,2012,CHATHAM,AG LAND,610
CENSUS,2012,CHATHAM,AG LAND,"1,427"
CENSUS,2012,CHATHAM,AG LAND,269
CENSUS,2012,CHATHAM,AG LAND,40
CENSUS,2012,DAVIDSON,AG LAND,"1,505"
CENSUS,2012,DAVIDSON,AG LAND,"7,556"
CENSUS,2012,DAVIDSON,AG LAND,"26,433"
CENSUS,2012,DAVIDSON,AG LAND,"2,651"
CENSUS,2012,DAVIDSON,AG LAND,793
CENSUS,2012,DAVIDSON,AG LAND, (D)
CENSUS,2012,DAVIDSON,AG LAND, (D)
CENSUS,2012,DAVIE,AG LAND,"1,013"
CENSUS,2012,DAVIE,AG LAND,"5,837"
CENSUS,2012,DAVIE,AG LAND,"21,268"
CENSUS,2012,DAVIE,AG LAND,510
CENSUS,2012,DAVIE,AG LAND,736
CENSUS,2012,DAVIE,AG LAND, (D)
CENSUS,2012,DAVIE,AG LAND, (D)
CENSUS,2012,IREDELL,AG LAND,"2,858"
CENSUS,2012,IREDELL,AG LAND,"12,692"
CENSUS,2012,IREDELL,AG LAND,"55,566"
CENSUS,2012,IREDELL,AG LAND,"2,125"
CENSUS,2012,IREDELL,AG LAND,"2,268"
CENSUS,2012,IREDELL,AG LAND,590
CENSUS,2012,LEE,AG LAND,794
CENSUS,2012,LEE,AG LAND,"1,471"
CENSUS,2012,LEE,AG LAND,"11,857"
CENSUS,2012,LEE,AG LAND,122
CENSUS,2012,LEE,AG LAND,699
CENSUS,2012,LEE,AG LAND, (D)
CENSUS,2012,LEE,AG LAND, (D)
CENSUS,2012,RANDOLPH,AG LAND,"1,857"
CENSUS,2012,RANDOLPH,AG LAND,"12,686"
CENSUS,2012,RANDOLPH,AG LAND,"37,450"
CENSUS,2012,RANDOLPH,AG LAND,"1,614"
CENSUS,2012,RANDOLPH,AG LAND,"1,137"
CENSUS,2012,RANDOLPH,AG LAND, (D)
CENSUS,2012,RANDOLPH,AG LAND, (D)
CENSUS,2012,ROWAN,AG LAND,"2,423"
CENSUS,2012,ROWAN,AG LAND,"11,889"
CENSUS,2012,ROWAN,AG LAND,"49,230"
CENSUS,2012,ROWAN,AG LAND,"1,413"
CENSUS,2012,ROWAN,AG LAND,614
CENSUS,2012,ROWAN,AG LAND,"1,809"
CENSUS,2012,WAKE,AG LAND,"1,659"
CENSUS,2012,WAKE,AG LAND,"6,178"
CENSUS,2012,WAKE,AG LAND,"26,758"
CENSUS,2012,WAKE,AG LAND,"5,054"
CENSUS,2012,WAKE,AG LAND, (D)
CENSUS,2012,WAKE,AG LAND, (D)
CENSUS,2012,WAKE,AG LAND,32
CENSUS,2012,BERTIE,AG LAND,"4,175"
CENSUS,2012,BERTIE,AG LAND,"6,114"
CENSUS,2012,BERTIE,AG LAND,"67,859"
CENSUS,2012,BERTIE,AG LAND,"19,251"
CENSUS,2012,BERTIE,AG LAND, (D)
CENSUS,2012,BERTIE,AG LAND,"3,653"
CENSUS,2012,BERTIE,AG LAND, (D)
CENSUS,2012,CAMDEN,AG LAND, (D)
CENSUS,2012,CAMDEN,AG LAND, (D)
CENSUS,2012,CAMDEN,AG LAND,"35,622"
CENSUS,2012,CAMDEN,AG LAND, (D)
CENSUS,2012,CAMDEN,AG LAND, (D)
CENSUS,2012,CHOWAN,AG LAND, (D)
CENSUS,2012,CHOWAN,AG LAND,"3,534"
CENSUS,2012,CHOWAN,AG LAND,"38,868"
CENSUS,2012,CHOWAN,AG LAND,"3,897"
CENSUS,2012,CHOWAN,AG LAND, (D)
CENSUS,2012,CURRITUCK,AG LAND,90
CENSUS,2012,CURRITUCK,AG LAND,"2,425"
CENSUS,2012,CURRITUCK,AG LAND,"13,974"
CENSUS,2012,CURRITUCK,AG LAND,"14,893"
CENSUS,2012,CURRITUCK,AG LAND,90
CENSUS,2012,DARE,AG LAND, (D)
CENSUS,2012,DARE,AG LAND, (D)
CENSUS,2012,DARE,AG LAND, (D)
CENSUS,2012,DARE,AG LAND, (D)
CENSUS,2012,DARE,AG LAND, (D)
CENSUS,2012,EDGECOMBE,AG LAND,992
CENSUS,2012,EDGECOMBE,AG LAND,"3,406"
CENSUS,2012,EDGECOMBE,AG LAND,"72,633"
CENSUS,2012,EDGECOMBE,AG LAND,"11,021"
CENSUS,2012,EDGECOMBE,AG LAND,5
CENSUS,2012,EDGECOMBE,AG LAND,987
CENSUS,2012,GATES,AG LAND,3
CENSUS,2012,GATES,AG LAND,"2,991"
CENSUS,2012,GATES,AG LAND,"40,304"
CENSUS,2012,GATES,AG LAND,737
CENSUS,2012,GATES,AG LAND,3
CENSUS,2012,HALIFAX,AG LAND,"2,925"
CENSUS,2012,HALIFAX,AG LAND,"12,814"
CENSUS,2012,HALIFAX,AG LAND,"84,685"
CENSUS,2012,HALIFAX,AG LAND,"15,631"
CENSUS,2012,HALIFAX,AG LAND,25
CENSUS,2012,HALIFAX,AG LAND,"2,900"
CENSUS,2012,HERTFORD,AG LAND,82
CENSUS,2012,HERTFORD,AG LAND,"7,003"
CENSUS,2012,HERTFORD,AG LAND,"36,399"
CENSUS,2012,HERTFORD,AG LAND,"6,996"
CENSUS,2012,HERTFORD,AG LAND,82
CENSUS,2012,MARTIN,AG LAND, (D)
CENSUS,2012,MARTIN,AG LAND,"6,366"
CENSUS,2012,MARTIN,AG LAND,"69,784"
CENSUS,2012,MARTIN,AG LAND,"10,308"
CENSUS,2012,MARTIN,AG LAND,20
CENSUS,2012,MARTIN,AG LAND, (D)
CENSUS,2012,NASH,AG LAND,"3,822"
CENSUS,2012,NASH,AG LAND,"2,685"
CENSUS,2012,NASH,AG LAND,"62,349"
CENSUS,2012,NASH,AG LAND,"19,769"
CENSUS,2012,NASH,AG LAND,65
CENSUS,2012,NASH,AG LAND,"3,757"
CENSUS,2012,NORTHAMPTON,AG LAND, (D)
CENSUS,2012,NORTHAMPTON,AG LAND,"10,940"
CENSUS,2012,NORTHAMPTON,AG LAND,"84,072"
CENSUS,2012,NORTHAMPTON,AG LAND,"9,555"
CENSUS,2012,NORTHAMPTON,AG LAND,137
CENSUS,2012,NORTHAMPTON,AG LAND, (D)
CENSUS,2012,PASQUOTANK,AG LAND, (D)
CENSUS,2012,PASQUOTANK,AG LAND,"9,306"
CENSUS,2012,PASQUOTANK,AG LAND,"53,650"
CENSUS,2012,PASQUOTANK,AG LAND,"4,455"
CENSUS,2012,PASQUOTANK,AG LAND, (D)
CENSUS,2012,PASQUOTANK,AG LAND, (D)
CENSUS,2012,PERQUIMANS,AG LAND,92
CENSUS,2012,PERQUIMANS,AG LAND,"1,821"
CENSUS,2012,PERQUIMANS,AG LAND,"61,735"
CENSUS,2012,PERQUIMANS,AG LAND,"8,168"
CENSUS,2012,PERQUIMANS,AG LAND,92
CENSUS,2012,TYRRELL,AG LAND,"8,622"
CENSUS,2012,TYRRELL,AG LAND,"42,639"
CENSUS,2012,TYRRELL,AG LAND,"5,601"
CENSUS,2012,WASHINGTON,AG LAND, (D)
CENSUS,2012,WASHINGTON,AG LAND,"7,065"
CENSUS,2012,WASHINGTON,AG LAND,"51,228"
CENSUS,2012,WASHINGTON,AG LAND,"13,986"
CENSUS,2012,WASHINGTON,AG LAND,51
CENSUS,2012,WASHINGTON,AG LAND, (D)
CENSUS,2012,ALLEGHANY,AG LAND,"2,229"
CENSUS,2012,ALLEGHANY,AG LAND,"6,662"
CENSUS,2012,ALLEGHANY,AG LAND,"23,050"
CENSUS,2012,ALLEGHANY,AG LAND,489
CENSUS,2012,ALLEGHANY,AG LAND,"1,336"
CENSUS,2012,ALLEGHANY,AG LAND, (D)
CENSUS,2012,ALLEGHANY,AG LAND, (D)
CENSUS,2012,ASHE,AG LAND,"1,154"
CENSUS,2012,ASHE,AG LAND,"7,428"
CENSUS,2012,ASHE,AG LAND,"17,989"
CENSUS,2012,ASHE,AG LAND,"2,283"
CENSUS,2012,ASHE,AG LAND,818
CENSUS,2012,ASHE,AG LAND, (D)
CENSUS,2012,ASHE,AG LAND, (D)
CENSUS,2012,AVERY,AG LAND,315
CENSUS,2012,AVERY,AG LAND,"4,852"
CENSUS,2012,AVERY,AG LAND,"4,458"
CENSUS,2012,AVERY,AG LAND,625
CENSUS,2012,AVERY,AG LAND,212
CENSUS,2012,AVERY,AG LAND,103
CENSUS,2012,CALDWELL,AG LAND,159
CENSUS,2012,CALDWELL,AG LAND,"2,831"
CENSUS,2012,CALDWELL,AG LAND,"7,184"
CENSUS,2012,CALDWELL,AG LAND,352
CENSUS,2012,CALDWELL,AG LAND,64
CENSUS,2012,CALDWELL,AG LAND,35
CENSUS,2012,CALDWELL,AG LAND,60
CENSUS,2012,SURRY,AG LAND,"1,683"
CENSUS,2012,SURRY,AG LAND,"9,360"
CENSUS,2012,SURRY,AG LAND,"38,687"
CENSUS,2012,SURRY,AG LAND,"2,722"
CENSUS,2012,SURRY,AG LAND,"1,205"
CENSUS,2012,SURRY,AG LAND,478
CENSUS,2012,WATAUGA,AG LAND,295
CENSUS,2012,WATAUGA,AG LAND,"3,605"
CENSUS,2012,WATAUGA,AG LAND,"5,575"
CENSUS,2012,WATAUGA,AG LAND,"1,061"
CENSUS,2012,WATAUGA,AG LAND,186
CENSUS,2012,WATAUGA,AG LAND, (D)
CENSUS,2012,WATAUGA,AG LAND, (D)
CENSUS,2012,WILKES,AG LAND,793
CENSUS,2012,WILKES,AG LAND,"6,377"
CENSUS,2012,WILKES,AG LAND,"24,383"
CENSUS,2012,WILKES,AG LAND,"2,395"
CENSUS,2012,WILKES,AG LAND,322
CENSUS,2012,WILKES,AG LAND,463
CENSUS,2012,WILKES,AG LAND,8
CENSUS,2012,YADKIN,AG LAND,601
CENSUS,2012,YADKIN,AG LAND,"11,931"
CENSUS,2012,YADKIN,AG LAND,"35,560"
CENSUS,2012,YADKIN,AG LAND,"1,974"
CENSUS,2012,YADKIN,AG LAND,514
CENSUS,2012,YADKIN,AG LAND,87
CENSUS,2012,ALAMANCE,AG LAND,"1,152"
CENSUS,2012,ALAMANCE,AG LAND,"5,956"
CENSUS,2012,ALAMANCE,AG LAND,"20,430"
CENSUS,2012,ALAMANCE,AG LAND,457
CENSUS,2012,ALAMANCE,AG LAND, (D)
CENSUS,2012,ALAMANCE,AG LAND, (D)
CENSUS,2012,ALAMANCE,AG LAND,3
CENSUS,2012,CASWELL,AG LAND,763
CENSUS,2012,CASWELL,AG LAND,"4,089"
CENSUS,2012,CASWELL,AG LAND,"10,308"
CENSUS,2012,CASWELL,AG LAND,755
CENSUS,2012,CASWELL,AG LAND,364
CENSUS,2012,CASWELL,AG LAND, (D)
CENSUS,2012,CASWELL,AG LAND, (D)
CENSUS,2012,DURHAM,AG LAND,672
CENSUS,2012,DURHAM,AG LAND,"3,313"
CENSUS,2012,DURHAM,AG LAND,"1,603"
CENSUS,2012,DURHAM,AG LAND,60
CENSUS,2012,DURHAM,AG LAND, (D)
CENSUS,2012,DURHAM,AG LAND, (D)
CENSUS,2012,FORSYTH,AG LAND,"1,512"
CENSUS,2012,FORSYTH,AG LAND,"4,029"
CENSUS,2012,FORSYTH,AG LAND,"12,628"
CENSUS,2012,FORSYTH,AG LAND,562
CENSUS,2012,FORSYTH,AG LAND,533
CENSUS,2012,FORSYTH,AG LAND,901
CENSUS,2012,FORSYTH,AG LAND,78
CENSUS,2012,FRANKLIN,AG LAND,"1,148"
CENSUS,2012,FRANKLIN,AG LAND,"8,306"
CENSUS,2012,FRANKLIN,AG LAND,"38,791"
CENSUS,2012,FRANKLIN,AG LAND,"3,194"
CENSUS,2012,FRANKLIN,AG LAND,277
CENSUS,2012,FRANKLIN,AG LAND,871
CENSUS,2012,GRANVILLE,AG LAND,842
CENSUS,2012,GRANVILLE,AG LAND,"5,106"
CENSUS,2012,GRANVILLE,AG LAND,"12,821"
CENSUS,2012,GRANVILLE,AG LAND,"1,763"
CENSUS,2012,GRANVILLE,AG LAND, (D)
CENSUS,2012,GRANVILLE,AG LAND, (D)
CENSUS,2012,GUILFORD,AG LAND,"1,135"
CENSUS,2012,GUILFORD,AG LAND,"6,999"
CENSUS,2012,GUILFORD,AG LAND,"27,522"
CENSUS,2012,GUILFORD,AG LAND,"1,713"
CENSUS,2012,GUILFORD,AG LAND,529
CENSUS,2012,GUILFORD,AG LAND,606
CENSUS,2012,ORANGE,AG LAND,"1,239"
CENSUS,2012,ORANGE,AG LAND,"5,123"
CENSUS,2012,ORANGE,AG LAND,"11,655"
CENSUS,2012,ORANGE,AG LAND,"1,076"
CENSUS,2012,ORANGE,AG LAND,761
CENSUS,2012,ORANGE,AG LAND,464
CENSUS,2012,ORANGE,AG LAND,14
CENSUS,2012,PERSON,AG LAND,358
CENSUS,2012,PERSON,AG LAND, (D)
CENSUS,2012,PERSON,AG LAND,"29,032"
CENSUS,2012,PERSON,AG LAND, (D)
CENSUS,2012,PERSON,AG LAND,211
CENSUS,2012,PERSON,AG LAND,147
CENSUS,2012,ROCKINGHAM,AG LAND,871
CENSUS,2012,ROCKINGHAM,AG LAND,"8,020"
CENSUS,2012,ROCKINGHAM,AG LAND,"19,733"
CENSUS,2012,ROCKINGHAM,AG LAND,540
CENSUS,2012,ROCKINGHAM,AG LAND, (D)
CENSUS,2012,ROCKINGHAM,AG LAND, (D)
CENSUS,2012,STOKES,AG LAND,975
CENSUS,2012,STOKES,AG LAND,"7,545"
CENSUS,2012,STOKES,AG LAND,"12,350"
CENSUS,2012,STOKES,AG LAND,978
CENSUS,2012,STOKES,AG LAND,763
CENSUS,2012,STOKES,AG LAND,204
CENSUS,2012,STOKES,AG LAND,8
CENSUS,2012,VANCE,AG LAND,"1,000"
CENSUS,2012,VANCE,AG LAND,"1,619"
CENSUS,2012,VANCE,AG LAND,"10,561"
CENSUS,2012,VANCE,AG LAND,"1,710"
CENSUS,2012,VANCE,AG LAND, (D)
CENSUS,2012,VANCE,AG LAND,675
CENSUS,2012,VANCE,AG LAND, (D)
CENSUS,2012,WARREN,AG LAND,533
CENSUS,2012,WARREN,AG LAND,"3,046"
CENSUS,2012,WARREN,AG LAND,"14,582"
CENSUS,2012,WARREN,AG LAND,"1,146"
CENSUS,2012,WARREN,AG LAND,116
CENSUS,2012,WARREN,AG LAND, (D)
CENSUS,2012,WARREN,AG LAND, (D)
CENSUS,2012,BLADEN,AG LAND,"2,436"
CENSUS,2012,BLADEN,AG LAND,"7,956"
CENSUS,2012,BLADEN,AG LAND,"33,301"
CENSUS,2012,BLADEN,AG LAND,"5,719"
CENSUS,2012,BLADEN,AG LAND,441
CENSUS,2012,BLADEN,AG LAND, (D)
CENSUS,2012,BLADEN,AG LAND, (D)
CENSUS,2012,BRUNSWICK,AG LAND,398
CENSUS,2012,BRUNSWICK,AG LAND,"1,467"
CENSUS,2012,BRUNSWICK,AG LAND,"22,296"
CENSUS,2012,BRUNSWICK,AG LAND,998
CENSUS,2012,BRUNSWICK,AG LAND, (D)
CENSUS,2012,BRUNSWICK,AG LAND, (D)
CENSUS,2012,COLUMBUS,AG LAND,"1,234"
CENSUS,2012,COLUMBUS,AG LAND,"17,019"
CENSUS,2012,COLUMBUS,AG LAND,"83,683"
CENSUS,2012,COLUMBUS,AG LAND,"7,268"
CENSUS,2012,COLUMBUS,AG LAND,511
CENSUS,2012,COLUMBUS,AG LAND,723
CENSUS,2012,CUMBERLAND,AG LAND,"1,456"
CENSUS,2012,CUMBERLAND,AG LAND,"6,304"
CENSUS,2012,CUMBERLAND,AG LAND,"27,566"
CENSUS,2012,CUMBERLAND,AG LAND,"9,779"
CENSUS,2012,CUMBERLAND,AG LAND,73
CENSUS,2012,CUMBERLAND,AG LAND,530
CENSUS,2012,CUMBERLAND,AG LAND,853
CENSUS,2012,DUPLIN,AG LAND,839
CENSUS,2012,DUPLIN,AG LAND,"25,550"
CENSUS,2012,DUPLIN,AG LAND,"112,922"
CENSUS,2012,DUPLIN,AG LAND,"8,738"
CENSUS,2012,DUPLIN,AG LAND,641
CENSUS,2012,DUPLIN,AG LAND,188
CENSUS,2012,DUPLIN,AG LAND,10
CENSUS,2012,HARNETT,AG LAND,"1,313"
CENSUS,2012,HARNETT,AG LAND,"8,335"
CENSUS,2012,HARNETT,AG LAND,"58,060"
CENSUS,2012,HARNETT,AG LAND,"4,784"
CENSUS,2012,HARNETT,AG LAND, (D)
CENSUS,2012,HARNETT,AG LAND,"1,028"
CENSUS,2012,HARNETT,AG LAND, (D)
CENSUS,2012,HOKE,AG LAND,"2,273"
CENSUS,2012,HOKE,AG LAND,"4,258"
CENSUS,2012,HOKE,AG LAND,"27,520"
CENSUS,2012,HOKE,AG LAND,"3,026"
CENSUS,2012,HOKE,AG LAND, (D)
CENSUS,2012,HOKE,AG LAND, (D)
CENSUS,2012,HOKE,AG LAND, (D)
CENSUS,2012,NEW HANOVER,AG LAND,28
CENSUS,2012,NEW HANOVER,AG LAND,375
CENSUS,2012,NEW HANOVER,AG LAND,475
CENSUS,2012,NEW HANOVER,AG LAND, (D)
CENSUS,2012,NEW HANOVER,AG LAND, (D)
CENSUS,2012,NEW HANOVER,AG LAND, (D)
CENSUS,2012,ONSLOW,AG LAND, (D)
CENSUS,2012,ONSLOW,AG LAND,"7,916"
CENSUS,2012,ONSLOW,AG LAND,"23,876"
CENSUS,2012,ONSLOW,AG LAND,"4,879"
CENSUS,2012,ONSLOW,AG LAND,96
CENSUS,2012,ONSLOW,AG LAND, (D)
CENSUS,2012,ONSLOW,AG LAND, (D)
CENSUS,2012,PENDER,AG LAND,118
CENSUS,2012,PENDER,AG LAND,"8,231"
CENSUS,2012,PENDER,AG LAND,"18,110"
CENSUS,2012,PENDER,AG LAND,"1,270"
CENSUS,2012,PENDER,AG LAND, (D)
CENSUS,2012,PENDER,AG LAND, (D)
CENSUS,2012,ROBESON,AG LAND,"6,018"
CENSUS,2012,ROBESON,AG LAND,"26,316"
CENSUS,2012,ROBESON,AG LAND,"142,388"
CENSUS,2012,ROBESON,AG LAND,"22,970"
CENSUS,2012,ROBESON,AG LAND,"1,175"
CENSUS,2012,ROBESON,AG LAND,"4,329"
CENSUS,2012,ROBESON,AG LAND,514
CENSUS,2012,SAMPSON,AG LAND,"2,479"
CENSUS,2012,SAMPSON,AG LAND,"33,366"
CENSUS,2012,SAMPSON,AG LAND,"119,744"
CENSUS,2012,SAMPSON,AG LAND,"16,439"
CENSUS,2012,SAMPSON,AG LAND,"1,223"
CENSUS,2012,SAMPSON,AG LAND, (D)
CENSUS,2012,SAMPSON,AG LAND, (D)
CENSUS,2012,SCOTLAND,AG LAND,"3,331"
CENSUS,2012,SCOTLAND,AG LAND,"22,449"
CENSUS,2012,SCOTLAND,AG LAND,"5,254"
CENSUS,2012,ANSON,AG LAND,319
CENSUS,2012,ANSON,AG LAND,"2,609"
CENSUS,2012,ANSON,AG LAND,"19,414"
CENSUS,2012,ANSON,AG LAND,"2,012"
CENSUS,2012,ANSON,AG LAND, (D)
CENSUS,2012,ANSON,AG LAND, (D)
CENSUS,2012,CABARRUS,AG LAND,"2,385"
CENSUS,2012,CABARRUS,AG LAND,"8,897"
CENSUS,2012,CABARRUS,AG LAND,"16,609"
CENSUS,2012,CABARRUS,AG LAND,"2,499"
CENSUS,2012,CABARRUS,AG LAND,"1,788"
CENSUS,2012,CABARRUS,AG LAND,597
CENSUS,2012,CLEVELAND,AG LAND,"1,360"
CENSUS,2012,CLEVELAND,AG LAND,"7,511"
CENSUS,2012,CLEVELAND,AG LAND,"29,188"
CENSUS,2012,CLEVELAND,AG LAND,"4,153"
CENSUS,2012,CLEVELAND,AG LAND, (D)
CENSUS,2012,CLEVELAND,AG LAND, (D)
CENSUS,2012,GASTON,AG LAND,379
CENSUS,2012,GASTON,AG LAND,"4,138"
CENSUS,2012,GASTON,AG LAND,"7,831"
CENSUS,2012,GASTON,AG LAND,333
CENSUS,2012,GASTON,AG LAND, (D)
CENSUS,2012,GASTON,AG LAND, (D)
CENSUS,2012,LINCOLN,AG LAND,700
CENSUS,2012,LINCOLN,AG LAND,"5,307"
CENSUS,2012,LINCOLN,AG LAND,"16,347"
CENSUS,2012,LINCOLN,AG LAND,"1,495"
CENSUS,2012,LINCOLN,AG LAND,413
CENSUS,2012,LINCOLN,AG LAND,287
CENSUS,2012,MECKLENBURG,AG LAND,378
CENSUS,2012,MECKLENBURG,AG LAND,"1,929"
CENSUS,2012,MECKLENBURG,AG LAND,"2,842"
CENSUS,2012,MECKLENBURG,AG LAND,561
CENSUS,2012,MECKLENBURG,AG LAND,378
CENSUS,2012,MONTGOMERY,AG LAND,276
CENSUS,2012,MONTGOMERY,AG LAND,"3,066"
CENSUS,2012,MONTGOMERY,AG LAND,"5,462"
CENSUS,2012,MONTGOMERY,AG LAND,69
CENSUS,2012,MONTGOMERY,AG LAND, (D)
CENSUS,2012,MONTGOMERY,AG LAND, (D)
CENSUS,2012,MOORE,AG LAND,618
CENSUS,2012,MOORE,AG LAND,"4,739"
CENSUS,2012,MOORE,AG LAND,"10,075"
CENSUS,2012,MOORE,AG LAND,347
CENSUS,2012,MOORE,AG LAND,500
CENSUS,2012,MOORE,AG LAND,87
CENSUS,2012,MOORE,AG LAND,31
CENSUS,2012,RICHMOND,AG LAND,272
CENSUS,2012,RICHMOND,AG LAND,"2,878"
CENSUS,2012,RICHMOND,AG LAND,"11,847"
CENSUS,2012,RICHMOND,AG LAND,"1,118"
CENSUS,2012,RICHMOND,AG LAND,272
CENSUS,2012,STANLY,AG LAND,592
CENSUS,2012,STANLY,AG LAND,"11,253"
CENSUS,2012,STANLY,AG LAND,"37,837"
CENSUS,2012,STANLY,AG LAND,968
CENSUS,2012,STANLY,AG LAND,356
CENSUS,2012,STANLY,AG LAND, (D)
CENSUS,2012,STANLY,AG LAND, (D)
CENSUS,2012,UNION,AG LAND,"1,076"
CENSUS,2012,UNION,AG LAND,"8,734"
CENSUS,2012,UNION,AG LAND,"130,167"
CENSUS,2012,UNION,AG LAND,"5,031"
CENSUS,2012,UNION,AG LAND,554
CENSUS,2012,UNION,AG LAND, (D)
CENSUS,2012,UNION,AG LAND, (D)
CENSUS,2012,BUNCOMBE,AG LAND,"1,212"
CENSUS,2012,BUNCOMBE,AG LAND,"5,024"
CENSUS,2012,BUNCOMBE,AG LAND,"9,026"
CENSUS,2012,BUNCOMBE,AG LAND,"1,197"
CENSUS,2012,BUNCOMBE,AG LAND,777
CENSUS,2012,BUNCOMBE,AG LAND,386
CENSUS,2012,BUNCOMBE,AG LAND,49
CENSUS,2012,BURKE,AG LAND,785
CENSUS,2012,BURKE,AG LAND,"3,304"
CENSUS,2012,BURKE,AG LAND,"6,974"
CENSUS,2012,BURKE,AG LAND,"1,321"
CENSUS,2012,BURKE,AG LAND,382
CENSUS,2012,BURKE,AG LAND, (D)
CENSUS,2012,BURKE,AG LAND, (D)
CENSUS,2012,CHEROKEE,AG LAND,147
CENSUS,2012,CHEROKEE,AG LAND,"1,239"
CENSUS,2012,CHEROKEE,AG LAND,"5,545"
CENSUS,2012,CHEROKEE,AG LAND,129
CENSUS,2012,CHEROKEE,AG LAND,47
CENSUS,2012,CHEROKEE,AG LAND,100
CENSUS,2012,CLAY,AG LAND,128
CENSUS,2012,CLAY,AG LAND,"1,041"
CENSUS,2012,CLAY,AG LAND,"2,803"
CENSUS,2012,CLAY,AG LAND,178
CENSUS,2012,CLAY,AG LAND,128
CENSUS,2012,GRAHAM,AG LAND, (D)
CENSUS,2012,GRAHAM,AG LAND, (D)
CENSUS,2012,GRAHAM,AG LAND, (D)
CENSUS,2012,GRAHAM,AG LAND,80
CENSUS,2012,GRAHAM,AG LAND, (D)
CENSUS,2012,HAYWOOD,AG LAND,335
CENSUS,2012,HAYWOOD,AG LAND,"2,711"
CENSUS,2012,HAYWOOD,AG LAND,"5,965"
CENSUS,2012,HAYWOOD,AG LAND,300
CENSUS,2012,HAYWOOD,AG LAND, (D)
CENSUS,2012,HAYWOOD,AG LAND,176
CENSUS,2012,HAYWOOD,AG LAND, (D)
CENSUS,2012,HENDERSON,AG LAND,169
CENSUS,2012,HENDERSON,AG LAND,"3,661"
CENSUS,2012,HENDERSON,AG LAND,"12,316"
CENSUS,2012,HENDERSON,AG LAND,388
CENSUS,2012,HENDERSON,AG LAND,120
CENSUS,2012,HENDERSON,AG LAND,49
CENSUS,2012,JACKSON,AG LAND,101
CENSUS,2012,JACKSON,AG LAND,"1,631"
CENSUS,2012,JACKSON,AG LAND,"1,969"
CENSUS,2012,JACKSON,AG LAND,"1,213"
CENSUS,2012,JACKSON,AG LAND, (D)
CENSUS,2012,JACKSON,AG LAND, (D)
CENSUS,2012,MACON,AG LAND,130
CENSUS,2012,MACON,AG LAND,"1,696"
CENSUS,2012,MACON,AG LAND,"2,719"
CENSUS,2012,MACON,AG LAND,86
CENSUS,2012,MACON,AG LAND,130
CENSUS,2012,MADISON,AG LAND,481
CENSUS,2012,MADISON,AG LAND,"3,071"
CENSUS,2012,MADISON,AG LAND,"2,899"
CENSUS,2012,MADISON,AG LAND,621
CENSUS,2012,MADISON,AG LAND,341
CENSUS,2012,MADISON,AG LAND,140
CENSUS,2012,MCDOWELL,AG LAND,377
CENSUS,2012,MCDOWELL,AG LAND,"1,723"
CENSUS,2012,MCDOWELL,AG LAND,"2,791"
CENSUS,2012,MCDOWELL,AG LAND,314
CENSUS,2012,MCDOWELL,AG LAND,85
CENSUS,2012,MCDOWELL,AG LAND,292
CENSUS,2012,MITCHELL,AG LAND,145
CENSUS,2012,MITCHELL,AG LAND,"1,229"
CENSUS,2012,MITCHELL,AG LAND,"1,875"
CENSUS,2012,MITCHELL,AG LAND,123
CENSUS,2012,MITCHELL,AG LAND, (D)
CENSUS,2012,MITCHELL,AG LAND, (D)
CENSUS,2012,MITCHELL,AG LAND, (D)
CENSUS,2012,POLK,AG LAND,807
CENSUS,2012,POLK,AG LAND,"2,881"
CENSUS,2012,POLK,AG LAND,"2,945"
CENSUS,2012,POLK,AG LAND,3
CENSUS,2012,POLK,AG LAND,460
CENSUS,2012,POLK,AG LAND, (D)
CENSUS,2012,POLK,AG LAND, (D)
CENSUS,2012,RUTHERFORD,AG LAND,"1,483"
CENSUS,2012,RUTHERFORD,AG LAND,"4,304"
CENSUS,2012,RUTHERFORD,AG LAND,"6,559"
CENSUS,2012,RUTHERFORD,AG LAND,"1,180"
CENSUS,2012,RUTHERFORD,AG LAND,808
CENSUS,2012,RUTHERFORD,AG LAND,645
CENSUS,2012,RUTHERFORD,AG LAND,30
CENSUS,2012,SWAIN,AG LAND,31
CENSUS,2012,SWAIN,AG LAND,197
CENSUS,2012,SWAIN,AG LAND, (D)
CENSUS,2012,SWAIN,AG LAND,62
CENSUS,2012,SWAIN,AG LAND,31
CENSUS,2012,TRANSYLVANIA,AG LAND,145
CENSUS,2012,TRANSYLVANIA,AG LAND,"2,047"
CENSUS,2012,TRANSYLVANIA,AG LAND,"2,439"
CENSUS,2012,TRANSYLVANIA,AG LAND,338
CENSUS,2012,TRANSYLVANIA,AG LAND,23
CENSUS,2012,TRANSYLVANIA,AG LAND, (D)
CENSUS,2012,TRANSYLVANIA,AG LAND, (D)
CENSUS,2012,YANCEY,AG LAND,155
CENSUS,2012,YANCEY,AG LAND,"1,838"
CENSUS,2012,YANCEY,AG LAND,"2,645"
CENSUS,2012,YANCEY,AG LAND,167
CENSUS,2012,YANCEY,AG LAND,96
CENSUS,2012,YANCEY,AG LAND, (D)
CENSUS,2012,YANCEY,AG LAND, (D)
CENSUS,2007,BEAUFORT,AG LAND,"2,778"
CENSUS,2007,BEAUFORT,AG LAND,"20,604"
CENSUS,2007,BEAUFORT,AG LAND,"94,435"
CENSUS,2007,BEAUFORT,AG LAND,"15,201"
CENSUS,2007,BEAUFORT,AG LAND,143
CENSUS,2007,BEAUFORT,AG LAND, (D)
CENSUS,2007,BEAUFORT,AG LAND, (D)
CENSUS,2007,CARTERET,AG LAND,54
CENSUS,2007,CARTERET,AG LAND, (D)
CENSUS,2007,CARTERET,AG LAND, (D)
CENSUS,2007,CARTERET,AG LAND,"2,324"
CENSUS,2007,CARTERET,AG LAND,54
CENSUS,2007,CRAVEN,AG LAND,351
CENSUS,2007,CRAVEN,AG LAND,"4,824"
CENSUS,2007,CRAVEN,AG LAND,"31,942"
CENSUS,2007,CRAVEN,AG LAND,"9,549"
CENSUS,2007,CRAVEN,AG LAND,124
CENSUS,2007,CRAVEN,AG LAND,227
CENSUS,2007,GREENE,AG LAND,367
CENSUS,2007,GREENE,AG LAND,"5,157"
CENSUS,2007,GREENE,AG LAND,"42,124"
CENSUS,2007,GREENE,AG LAND,"17,479"
CENSUS,2007,GREENE,AG LAND, (D)
CENSUS,2007,GREENE,AG LAND, (D)
CENSUS,2007,HYDE,AG LAND,138
CENSUS,2007,HYDE,AG LAND,"6,475"
CENSUS,2007,HYDE,AG LAND,"48,288"
CENSUS,2007,HYDE,AG LAND,"4,253"
CENSUS,2007,HYDE,AG LAND, (D)
CENSUS,2007,HYDE,AG LAND, (D)
CENSUS,2007,JOHNSTON,AG LAND,"2,069"
CENSUS,2007,JOHNSTON,AG LAND,"16,219"
CENSUS,2007,JOHNSTON,AG LAND,"80,456"
CENSUS,2007,JOHNSTON,AG LAND,"14,097"
CENSUS,2007,JOHNSTON,AG LAND,"1,021"
CENSUS,2007,JOHNSTON,AG LAND, (D)
CENSUS,2007,JOHNSTON,AG LAND, (D)
CENSUS,2007,JONES,AG LAND, (D)
CENSUS,2007,JONES,AG LAND,"10,910"
CENSUS,2007,JONES,AG LAND,"31,778"
CENSUS,2007,JONES,AG LAND,"3,621"
CENSUS,2007,JONES,AG LAND, (D)
CENSUS,2007,JONES,AG LAND, (D)
CENSUS,2007,LENOIR,AG LAND,"2,949"
CENSUS,2007,LENOIR,AG LAND,"8,798"
CENSUS,2007,LENOIR,AG LAND,"87,340"
CENSUS,2007,LENOIR,AG LAND,"8,435"
CENSUS,2007,LENOIR,AG LAND,707
CENSUS,2007,LENOIR,AG LAND,"2,242"
CENSUS,2007,PAMLICO,AG LAND, (D)
CENSUS,2007,PAMLICO,AG LAND, (D)
CENSUS,2007,PAMLICO,AG LAND,"37,050"
CENSUS,2007,PAMLICO,AG LAND, (D)
CENSUS,2007,PAMLICO,AG LAND, (D)
CENSUS,2007,PITT,AG LAND,"4,491"
CENSUS,2007,PITT,AG LAND,"8,187"
CENSUS,2007,PITT,AG LAND,"90,819"
CENSUS,2007,PITT,AG LAND,"26,096"
CENSUS,2007,PITT,AG LAND,72
CENSUS,2007,PITT,AG LAND, (D)
CENSUS,2007,PITT,AG LAND, (D)
CENSUS,2007,WAYNE,AG LAND,"4,381"
CENSUS,2007,WAYNE,AG LAND,"14,627"
CENSUS,2007,WAYNE,AG LAND,"97,114"
CENSUS,2007,WAYNE,AG LAND,"14,417"
CENSUS,2007,WAYNE,AG LAND, (D)
CENSUS,2007,WAYNE,AG LAND,"3,343"
CENSUS,2007,WAYNE,AG LAND, (D)
CENSUS,2007,WILSON,AG LAND,127
CENSUS,2007,WILSON,AG LAND,"3,538"
CENSUS,2007,WILSON,AG LAND,"61,862"
CENSUS,2007,WILSON,AG LAND,"12,380"
CENSUS,2007,WILSON,AG LAND, (D)
CENSUS,2007,WILSON,AG LAND, (D)
CENSUS,2007,ALEXANDER,AG LAND,875
CENSUS,2007,ALEXANDER,AG LAND,"4,803"
CENSUS,2007,ALEXANDER,AG LAND,"11,282"
CENSUS,2007,ALEXANDER,AG LAND,359
CENSUS,2007,ALEXANDER,AG LAND,370
CENSUS,2007,ALEXANDER,AG LAND,434
CENSUS,2007,ALEXANDER,AG LAND,71
CENSUS,2007,CATAWBA,AG LAND,552
CENSUS,2007,CATAWBA,AG LAND,"5,475"
CENSUS,2007,CATAWBA,AG LAND,"22,416"
CENSUS,2007,CATAWBA,AG LAND,907
CENSUS,2007,CATAWBA,AG LAND,315
CENSUS,2007,CATAWBA,AG LAND, (D)
CENSUS,2007,CATAWBA,AG LAND, (D)
CENSUS,2007,CHATHAM,AG LAND,"2,325"
CENSUS,2007,CHATHAM,AG LAND,"7,438"
CENSUS,2007,CHATHAM,AG LAND,"14,141"
CENSUS,2007,CHATHAM,AG LAND,756
CENSUS,2007,CHATHAM,AG LAND,"1,553"
CENSUS,2007,CHATHAM,AG LAND, (D)
CENSUS,2007,CHATHAM,AG LAND, (D)
CENSUS,2007,DAVIDSON,AG LAND,"1,192"
CENSUS,2007,DAVIDSON,AG LAND,"7,904"
CENSUS,2007,DAVIDSON,AG LAND,"24,714"
CENSUS,2007,DAVIDSON,AG LAND,"2,236"
CENSUS,2007,DAVIDSON,AG LAND,656
CENSUS,2007,DAVIDSON,AG LAND, (D)
CENSUS,2007,DAVIDSON,AG LAND, (D)
CENSUS,2007,DAVIE,AG LAND,"1,088"
CENSUS,2007,DAVIE,AG LAND,"7,690"
CENSUS,2007,DAVIE,AG LAND,"15,989"
CENSUS,2007,DAVIE,AG LAND,"1,002"
CENSUS,2007,DAVIE,AG LAND,931
CENSUS,2007,DAVIE,AG LAND,157
CENSUS,2007,IREDELL,AG LAND,"1,691"
CENSUS,2007,IREDELL,AG LAND,"18,247"
CENSUS,2007,IREDELL,AG LAND,"38,957"
CENSUS,2007,IREDELL,AG LAND,848
CENSUS,2007,IREDELL,AG LAND, (D)
CENSUS,2007,IREDELL,AG LAND,953
CENSUS,2007,IREDELL,AG LAND, (D)
CENSUS,2007,LEE,AG LAND,188
CENSUS,2007,LEE,AG LAND,"1,622"
CENSUS,2007,LEE,AG LAND,"12,222"
CENSUS,2007,LEE,AG LAND,700
CENSUS,2007,LEE,AG LAND,74
CENSUS,2007,LEE,AG LAND,114
CENSUS,2007,RANDOLPH,AG LAND,"1,691"
CENSUS,2007,RANDOLPH,AG LAND,"11,712"
CENSUS,2007,RANDOLPH,AG LAND,"30,564"
CENSUS,2007,RANDOLPH,AG LAND,"1,184"
CENSUS,2007,RANDOLPH,AG LAND,"1,066"
CENSUS,2007,RANDOLPH,AG LAND, (D)
CENSUS,2007,RANDOLPH,AG LAND, (D)
CENSUS,2007,ROWAN,AG LAND,"2,582"
CENSUS,2007,ROWAN,AG LAND,"9,870"
CENSUS,2007,ROWAN,AG LAND,"40,295"
CENSUS,2007,ROWAN,AG LAND,"5,395"
CENSUS,2007,ROWAN,AG LAND,571
CENSUS,2007,ROWAN,AG LAND,"2,011"
CENSUS,2007,WAKE,AG LAND,996
CENSUS,2007,WAKE,AG LAND,"5,728"
CENSUS,2007,WAKE,AG LAND,"25,768"
CENSUS,2007,WAKE,AG LAND,"4,114"
CENSUS,2007,WAKE,AG LAND,375
CENSUS,2007,WAKE,AG LAND,621
CENSUS,2007,BERTIE,AG LAND,"6,013"
CENSUS,2007,BERTIE,AG LAND,"7,945"
CENSUS,2007,BERTIE,AG LAND,"68,096"
CENSUS,2007,BERTIE,AG LAND,"14,152"
CENSUS,2007,BERTIE,AG LAND, (D)
CENSUS,2007,BERTIE,AG LAND,"5,503"
CENSUS,2007,BERTIE,AG LAND, (D)
CENSUS,2007,CAMDEN,AG LAND, (D)
CENSUS,2007,CAMDEN,AG LAND,604
CENSUS,2007,CAMDEN,AG LAND,"36,083"
CENSUS,2007,CAMDEN,AG LAND,"10,786"
CENSUS,2007,CAMDEN,AG LAND, (D)
CENSUS,2007,CHOWAN,AG LAND,"1,343"
CENSUS,2007,CHOWAN,AG LAND,"12,831"
CENSUS,2007,CHOWAN,AG LAND,"26,753"
CENSUS,2007,CHOWAN,AG LAND,"11,997"
CENSUS,2007,CHOWAN,AG LAND,9
CENSUS,2007,CHOWAN,AG LAND, (D)
CENSUS,2007,CHOWAN,AG LAND, (D)
CENSUS,2007,CURRITUCK,AG LAND, (D)
CENSUS,2007,CURRITUCK,AG LAND,"3,952"
CENSUS,2007,CURRITUCK,AG LAND,"14,672"
CENSUS,2007,CURRITUCK,AG LAND,"4,726"
CENSUS,2007,CURRITUCK,AG LAND, (D)
CENSUS,2007,CURRITUCK,AG LAND, (D)
CENSUS,2007,DARE,AG LAND, (D)
CENSUS,2007,DARE,AG LAND, (D)
CENSUS,2007,DARE,AG LAND, (D)
CENSUS,2007,DARE,AG LAND, (D)
CENSUS,2007,DARE,AG LAND, (D)
CENSUS,2007,EDGECOMBE,AG LAND,"2,692"
CENSUS,2007,EDGECOMBE,AG LAND,"13,620"
CENSUS,2007,EDGECOMBE,AG LAND,"72,657"
CENSUS,2007,EDGECOMBE,AG LAND,"8,711"
CENSUS,2007,EDGECOMBE,AG LAND,47
CENSUS,2007,EDGECOMBE,AG LAND, (D)
CENSUS,2007,EDGECOMBE,AG LAND, (D)
CENSUS,2007,GATES,AG LAND, (D)
CENSUS,2007,GATES,AG LAND, (D)
CENSUS,2007,GATES,AG LAND,"46,111"
CENSUS,2007,GATES,AG LAND, (D)
CENSUS,2007,GATES,AG LAND, (D)
CENSUS,2007,HALIFAX,AG LAND,"3,392"
CENSUS,2007,HALIFAX,AG LAND,"13,536"
CENSUS,2007,HALIFAX,AG LAND,"75,518"
CENSUS,2007,HALIFAX,AG LAND,"20,752"
CENSUS,2007,HALIFAX,AG LAND,42
CENSUS,2007,HALIFAX,AG LAND, (D)
CENSUS,2007,HALIFAX,AG LAND, (D)
CENSUS,2007,HERTFORD,AG LAND, (D)
CENSUS,2007,HERTFORD,AG LAND,"4,002"
CENSUS,2007,HERTFORD,AG LAND,"37,275"
CENSUS,2007,HERTFORD,AG LAND,"8,450"
CENSUS,2007,HERTFORD,AG LAND, (D)
CENSUS,2007,MARTIN,AG LAND,442
CENSUS,2007,MARTIN,AG LAND,"5,467"
CENSUS,2007,MARTIN,AG LAND,"53,173"
CENSUS,2007,MARTIN,AG LAND,"10,631"
CENSUS,2007,MARTIN,AG LAND, (D)
CENSUS,2007,MARTIN,AG LAND, (D)
CENSUS,2007,NASH,AG LAND,"1,264"
CENSUS,2007,NASH,AG LAND,"9,947"
CENSUS,2007,NASH,AG LAND,"55,088"
CENSUS,2007,NASH,AG LAND,"14,668"
CENSUS,2007,NASH,AG LAND,151
CENSUS,2007,NASH,AG LAND,"1,113"
CENSUS,2007,NORTHAMPTON,AG LAND, (D)
CENSUS,2007,NORTHAMPTON,AG LAND,"9,770"
CENSUS,2007,NORTHAMPTON,AG LAND,"86,585"
CENSUS,2007,NORTHAMPTON,AG LAND,"4,599"
CENSUS,2007,NORTHAMPTON,AG LAND,116
CENSUS,2007,NORTHAMPTON,AG LAND, (D)
CENSUS,2007,PASQUOTANK,AG LAND,106
CENSUS,2007,PASQUOTANK,AG LAND,"1,987"
CENSUS,2007,PASQUOTANK,AG LAND,"68,403"
CENSUS,2007,PASQUOTANK,AG LAND,"8,544"
CENSUS,2007,PASQUOTANK,AG LAND, (D)
CENSUS,2007,PASQUOTANK,AG LAND, (D)
CENSUS,2007,PERQUIMANS,AG LAND,59
CENSUS,2007,PERQUIMANS,AG LAND,"1,752"
CENSUS,2007,PERQUIMANS,AG LAND,"57,002"
CENSUS,2007,PERQUIMANS,AG LAND,"4,091"
CENSUS,2007,PERQUIMANS,AG LAND, (D)
CENSUS,2007,PERQUIMANS,AG LAND, (D)
CENSUS,2007,TYRRELL,AG LAND, (D)
CENSUS,2007,TYRRELL,AG LAND, (D)
CENSUS,2007,TYRRELL,AG LAND,"33,770"
CENSUS,2007,TYRRELL,AG LAND, (D)
CENSUS,2007,TYRRELL,AG LAND, (D)
CENSUS,2007,WASHINGTON,AG LAND,"6,686"
CENSUS,2007,WASHINGTON,AG LAND,"5,556"
CENSUS,2007,WASHINGTON,AG LAND,"67,867"
CENSUS,2007,WASHINGTON,AG LAND,"6,705"
CENSUS,2007,WASHINGTON,AG LAND,46
CENSUS,2007,WASHINGTON,AG LAND, (D)
CENSUS,2007,WASHINGTON,AG LAND, (D)
CENSUS,2007,ALLEGHANY,AG LAND,"2,886"
CENSUS,2007,ALLEGHANY,AG LAND,"4,581"
CENSUS,2007,ALLEGHANY,AG LAND,"17,296"
CENSUS,2007,ALLEGHANY,AG LAND,749
CENSUS,2007,ALLEGHANY,AG LAND, (D)
CENSUS,2007,ALLEGHANY,AG LAND,"2,130"
CENSUS,2007,ALLEGHANY,AG LAND, (D)
CENSUS,2007,ASHE,AG LAND,620
CENSUS,2007,ASHE,AG LAND,"6,392"
CENSUS,2007,ASHE,AG LAND,"17,662"
CENSUS,2007,ASHE,AG LAND,"1,426"
CENSUS,2007,ASHE,AG LAND,454
CENSUS,2007,ASHE,AG LAND,166
CENSUS,2007,AVERY,AG LAND,551
CENSUS,2007,AVERY,AG LAND,"3,308"
CENSUS,2007,AVERY,AG LAND,"6,430"
CENSUS,2007,AVERY,AG LAND,659
CENSUS,2007,AVERY,AG LAND, (D)
CENSUS,2007,AVERY,AG LAND,343
CENSUS,2007,AVERY,AG LAND, (D)
CENSUS,2007,CALDWELL,AG LAND,327
CENSUS,2007,CALDWELL,AG LAND,"3,160"
CENSUS,2007,CALDWELL,AG LAND,"5,048"
CENSUS,2007,CALDWELL,AG LAND,269
CENSUS,2007,CALDWELL,AG LAND, (D)
CENSUS,2007,CALDWELL,AG LAND, (D)
CENSUS,2007,SURRY,AG LAND,"1,530"
CENSUS,2007,SURRY,AG LAND,"11,852"
CENSUS,2007,SURRY,AG LAND,"26,723"
CENSUS,2007,SURRY,AG LAND,"1,137"
CENSUS,2007,SURRY,AG LAND,"1,171"
CENSUS,2007,SURRY,AG LAND,339
CENSUS,2007,SURRY,AG LAND,20
CENSUS,2007,WATAUGA,AG LAND,352
CENSUS,2007,WATAUGA,AG LAND, (D)
CENSUS,2007,WATAUGA,AG LAND, (D)
CENSUS,2007,WATAUGA,AG LAND,580
CENSUS,2007,WATAUGA,AG LAND,287
CENSUS,2007,WATAUGA,AG LAND,65
CENSUS,2007,WILKES,AG LAND,"1,138"
CENSUS,2007,WILKES,AG LAND,"6,567"
CENSUS,2007,WILKES,AG LAND,"19,529"
CENSUS,2007,WILKES,AG LAND,503
CENSUS,2007,WILKES,AG LAND,756
CENSUS,2007,WILKES,AG LAND, (D)
CENSUS,2007,WILKES,AG LAND, (D)
CENSUS,2007,YADKIN,AG LAND,914
CENSUS,2007,YADKIN,AG LAND,"8,608"
CENSUS,2007,YADKIN,AG LAND,"38,057"
CENSUS,2007,YADKIN,AG LAND,"1,070"
CENSUS,2007,YADKIN,AG LAND,668
CENSUS,2007,YADKIN,AG LAND, (D)
CENSUS,2007,YADKIN,AG LAND, (D)
CENSUS,2007,ALAMANCE,AG LAND,"1,182"
CENSUS,2007,ALAMANCE,AG LAND,"6,114"
CENSUS,2007,ALAMANCE,AG LAND,"19,586"
CENSUS,2007,ALAMANCE,AG LAND,"1,070"
CENSUS,2007,ALAMANCE,AG LAND, (D)
CENSUS,2007,ALAMANCE,AG LAND, (D)
CENSUS,2007,CASWELL,AG LAND,793
CENSUS,2007,CASWELL,AG LAND,"5,565"
CENSUS,2007,CASWELL,AG LAND,"12,832"
CENSUS,2007,CASWELL,AG LAND,279
CENSUS,2007,CASWELL,AG LAND,548
CENSUS,2007,CASWELL,AG LAND,245
CENSUS,2007,DURHAM,AG LAND,269
CENSUS,2007,DURHAM,AG LAND,"1,933"
CENSUS,2007,DURHAM,AG LAND,"2,697"
CENSUS,2007,DURHAM,AG LAND,84
CENSUS,2007,DURHAM,AG LAND,241
CENSUS,2007,DURHAM,AG LAND, (D)
CENSUS,2007,DURHAM,AG LAND, (D)
CENSUS,2007,FORSYTH,AG LAND,805
CENSUS,2007,FORSYTH,AG LAND,"7,372"
CENSUS,2007,FORSYTH,AG LAND,"10,650"
CENSUS,2007,FORSYTH,AG LAND,381
CENSUS,2007,FORSYTH,AG LAND,549
CENSUS,2007,FORSYTH,AG LAND,158
CENSUS,2007,FORSYTH,AG LAND,98
CENSUS,2007,FRANKLIN,AG LAND,907
CENSUS,2007,FRANKLIN,AG LAND,"4,052"
CENSUS,2007,FRANKLIN,AG LAND,"29,540"
CENSUS,2007,FRANKLIN,AG LAND,"1,119"
CENSUS,2007,FRANKLIN,AG LAND, (D)
CENSUS,2007,FRANKLIN,AG LAND, (D)
CENSUS,2007,GRANVILLE,AG LAND,389
CENSUS,2007,GRANVILLE,AG LAND,"5,134"
CENSUS,2007,GRANVILLE,AG LAND,"12,910"
CENSUS,2007,GRANVILLE,AG LAND,796
CENSUS,2007,GRANVILLE,AG LAND,279
CENSUS,2007,GRANVILLE,AG LAND, (D)
CENSUS,2007,GRANVILLE,AG LAND, (D)
CENSUS,2007,GUILFORD,AG LAND,"1,339"
CENSUS,2007,GUILFORD,AG LAND,"9,218"
CENSUS,2007,GUILFORD,AG LAND,"24,513"
CENSUS,2007,GUILFORD,AG LAND,"1,255"
CENSUS,2007,GUILFORD,AG LAND,778
CENSUS,2007,GUILFORD,AG LAND,561
CENSUS,2007,ORANGE,AG LAND,705
CENSUS,2007,ORANGE,AG LAND,"3,743"
CENSUS,2007,ORANGE,AG LAND,"14,173"
CENSUS,2007,ORANGE,AG LAND,531
CENSUS,2007,ORANGE,AG LAND,579
CENSUS,2007,ORANGE,AG LAND, (D)
CENSUS,2007,ORANGE,AG LAND, (D)
CENSUS,2007,PERSON,AG LAND,696
CENSUS,2007,PERSON,AG LAND,"5,193"
CENSUS,2007,PERSON,AG LAND,"23,228"
CENSUS,2007,PERSON,AG LAND,"2,275"
CENSUS,2007,PERSON,AG LAND,167
CENSUS,2007,PERSON,AG LAND,529
CENSUS,2007,ROCKINGHAM,AG LAND,"1,410"
CENSUS,2007,ROCKINGHAM,AG LAND,"7,440"
CENSUS,2007,ROCKINGHAM,AG LAND,"20,681"
CENSUS,2007,ROCKINGHAM,AG LAND,"1,079"
CENSUS,2007,ROCKINGHAM,AG LAND,"1,009"
CENSUS,2007,ROCKINGHAM,AG LAND,381
CENSUS,2007,ROCKINGHAM,AG LAND,20
CENSUS,2007,STOKES,AG LAND,875
CENSUS,2007,STOKES,AG LAND,"7,201"
CENSUS,2007,STOKES,AG LAND,"15,372"
CENSUS,2007,STOKES,AG LAND,564
CENSUS,2007,STOKES,AG LAND,479
CENSUS,2007,STOKES,AG LAND,367
CENSUS,2007,STOKES,AG LAND,29
CENSUS,2007,VANCE,AG LAND,735
CENSUS,2007,VANCE,AG LAND,"1,806"
CENSUS,2007,VANCE,AG LAND,"10,081"
CENSUS,2007,VANCE,AG LAND,851
CENSUS,2007,VANCE,AG LAND, (D)
CENSUS,2007,VANCE,AG LAND, (D)
CENSUS,2007,WARREN,AG LAND,528
CENSUS,2007,WARREN,AG LAND,"2,192"
CENSUS,2007,WARREN,AG LAND,"14,712"
CENSUS,2007,WARREN,AG LAND,566
CENSUS,2007,WARREN,AG LAND, (D)
CENSUS,2007,WARREN,AG LAND, (D)
CENSUS,2007,BLADEN,AG LAND,"1,600"
CENSUS,2007,BLADEN,AG LAND,"16,301"
CENSUS,2007,BLADEN,AG LAND,"37,786"
CENSUS,2007,BLADEN,AG LAND,"5,809"
CENSUS,2007,BLADEN,AG LAND, (D)
CENSUS,2007,BLADEN,AG LAND,"1,356"
CENSUS,2007,BLADEN,AG LAND, (D)
CENSUS,2007,BRUNSWICK,AG LAND,830
CENSUS,2007,BRUNSWICK,AG LAND,"4,150"
CENSUS,2007,BRUNSWICK,AG LAND,"19,649"
CENSUS,2007,BRUNSWICK,AG LAND,394
CENSUS,2007,BRUNSWICK,AG LAND,241
CENSUS,2007,BRUNSWICK,AG LAND,589
CENSUS,2007,COLUMBUS,AG LAND,"3,266"
CENSUS,2007,COLUMBUS,AG LAND,"17,195"
CENSUS,2007,COLUMBUS,AG LAND,"73,128"
CENSUS,2007,COLUMBUS,AG LAND,"7,393"
CENSUS,2007,COLUMBUS,AG LAND,566
CENSUS,2007,COLUMBUS,AG LAND,"2,400"
CENSUS,2007,COLUMBUS,AG LAND,300
CENSUS,2007,CUMBERLAND,AG LAND,"2,849"
CENSUS,2007,CUMBERLAND,AG LAND,"6,236"
CENSUS,2007,CUMBERLAND,AG LAND,"25,801"
CENSUS,2007,CUMBERLAND,AG LAND,"4,989"
CENSUS,2007,CUMBERLAND,AG LAND,100
CENSUS,2007,CUMBERLAND,AG LAND, (D)
CENSUS,2007,CUMBERLAND,AG LAND, (D)
CENSUS,2007,DUPLIN,AG LAND,"7,840"
CENSUS,2007,DUPLIN,AG LAND,"25,027"
CENSUS,2007,DUPLIN,AG LAND,"106,700"
CENSUS,2007,DUPLIN,AG LAND,"11,303"
CENSUS,2007,DUPLIN,AG LAND, (D)
CENSUS,2007,DUPLIN,AG LAND,"5,908"
CENSUS,2007,DUPLIN,AG LAND, (D)
CENSUS,2007,HARNETT,AG LAND,460
CENSUS,2007,HARNETT,AG LAND,"7,349"
CENSUS,2007,HARNETT,AG LAND,"54,895"
CENSUS,2007,HARNETT,AG LAND,"2,388"
CENSUS,2007,HARNETT,AG LAND, (D)
CENSUS,2007,HARNETT,AG LAND, (D)
CENSUS,2007,HARNETT,AG LAND, (D)
CENSUS,2007,HOKE,AG LAND, (D)
CENSUS,2007,HOKE,AG LAND,"10,210"
CENSUS,2007,HOKE,AG LAND,"15,263"
CENSUS,2007,HOKE,AG LAND,"4,390"
CENSUS,2007,HOKE,AG LAND,138
CENSUS,2007,HOKE,AG LAND, (D)
CENSUS,2007,NEW HANOVER,AG LAND,39
CENSUS,2007,NEW HANOVER,AG LAND, (D)
CENSUS,2007,NEW HANOVER,AG LAND,946
CENSUS,2007,NEW HANOVER,AG LAND, (D)
CENSUS,2007,NEW HANOVER,AG LAND,39
CENSUS,2007,ONSLOW,AG LAND,"2,086"
CENSUS,2007,ONSLOW,AG LAND,"3,725"
CENSUS,2007,ONSLOW,AG LAND,"26,810"
CENSUS,2007,ONSLOW,AG LAND,"3,543"
CENSUS,2007,ONSLOW,AG LAND, (D)
CENSUS,2007,ONSLOW,AG LAND, (D)
CENSUS,2007,PENDER,AG LAND,337
CENSUS,2007,PENDER,AG LAND,"8,556"
CENSUS,2007,PENDER,AG LAND,"20,781"
CENSUS,2007,PENDER,AG LAND,"2,574"
CENSUS,2007,PENDER,AG LAND,53
CENSUS,2007,PENDER,AG LAND,284
CENSUS,2007,ROBESON,AG LAND,"4,660"
CENSUS,2007,ROBESON,AG LAND,"37,041"
CENSUS,2007,ROBESON,AG LAND,"130,151"
CENSUS,2007,ROBESON,AG LAND,"29,486"
CENSUS,2007,ROBESON,AG LAND,535
CENSUS,2007,ROBESON,AG LAND,515
CENSUS,2007,ROBESON,AG LAND,"3,610"
CENSUS,2007,SAMPSON,AG LAND,"1,083"
CENSUS,2007,SAMPSON,AG LAND,"41,295"
CENSUS,2007,SAMPSON,AG LAND,"125,968"
CENSUS,2007,SAMPSON,AG LAND,"19,824"
CENSUS,2007,SAMPSON,AG LAND,722
CENSUS,2007,SAMPSON,AG LAND,332
CENSUS,2007,SAMPSON,AG LAND,29
CENSUS,2007,SCOTLAND,AG LAND,108
CENSUS,2007,SCOTLAND,AG LAND,"4,064"
CENSUS,2007,SCOTLAND,AG LAND,"23,541"
CENSUS,2007,SCOTLAND,AG LAND,170
CENSUS,2007,SCOTLAND,AG LAND, (D)
CENSUS,2007,SCOTLAND,AG LAND, (D)
CENSUS,2007,ANSON,AG LAND,633
CENSUS,2007,ANSON,AG LAND,"3,781"
CENSUS,2007,ANSON,AG LAND,"16,069"
CENSUS,2007,ANSON,AG LAND,215
CENSUS,2007,ANSON,AG LAND,378
CENSUS,2007,ANSON,AG LAND, (D)
CENSUS,2007,ANSON,AG LAND, (D)
CENSUS,2007,CABARRUS,AG LAND,"1,774"
CENSUS,2007,CABARRUS,AG LAND,"8,302"
CENSUS,2007,CABARRUS,AG LAND,"17,894"
CENSUS,2007,CABARRUS,AG LAND,"1,716"
CENSUS,2007,CABARRUS,AG LAND,933
CENSUS,2007,CABARRUS,AG LAND, (D)
CENSUS,2007,CABARRUS,AG LAND, (D)
CENSUS,2007,CLEVELAND,AG LAND,822
CENSUS,2007,CLEVELAND,AG LAND,"7,260"
CENSUS,2007,CLEVELAND,AG LAND,"23,190"
CENSUS,2007,CLEVELAND,AG LAND,"4,915"
CENSUS,2007,CLEVELAND,AG LAND,521
CENSUS,2007,CLEVELAND,AG LAND,265
CENSUS,2007,CLEVELAND,AG LAND,36
CENSUS,2007,GASTON,AG LAND,441
CENSUS,2007,GASTON,AG LAND,"3,618"
CENSUS,2007,GASTON,AG LAND,"6,863"
CENSUS,2007,GASTON,AG LAND,737
CENSUS,2007,GASTON,AG LAND,337
CENSUS,2007,GASTON,AG LAND, (D)
CENSUS,2007,GASTON,AG LAND, (D)
CENSUS,2007,LINCOLN,AG LAND,522
CENSUS,2007,LINCOLN,AG LAND,"4,595"
CENSUS,2007,LINCOLN,AG LAND,"18,246"
CENSUS,2007,LINCOLN,AG LAND,"2,704"
CENSUS,2007,LINCOLN,AG LAND,296
CENSUS,2007,LINCOLN,AG LAND, (D)
CENSUS,2007,LINCOLN,AG LAND, (D)
CENSUS,2007,MECKLENBURG,AG LAND,201
CENSUS,2007,MECKLENBURG,AG LAND,"1,623"
CENSUS,2007,MECKLENBURG,AG LAND,"3,576"
CENSUS,2007,MECKLENBURG,AG LAND,"1,178"
CENSUS,2007,MECKLENBURG,AG LAND, (D)
CENSUS,2007,MECKLENBURG,AG LAND, (D)
CENSUS,2007,MECKLENBURG,AG LAND, (D)
CENSUS,2007,MONTGOMERY,AG LAND,148
CENSUS,2007,MONTGOMERY,AG LAND,"1,818"
CENSUS,2007,MONTGOMERY,AG LAND,"3,540"
CENSUS,2007,MONTGOMERY,AG LAND,"1,063"
CENSUS,2007,MONTGOMERY,AG LAND, (D)
CENSUS,2007,MONTGOMERY,AG LAND, (D)
CENSUS,2007,MOORE,AG LAND,"1,076"
CENSUS,2007,MOORE,AG LAND,"4,504"
CENSUS,2007,MOORE,AG LAND,"10,666"
CENSUS,2007,MOORE,AG LAND,231
CENSUS,2007,MOORE,AG LAND,481
CENSUS,2007,MOORE,AG LAND,574
CENSUS,2007,MOORE,AG LAND,21
CENSUS,2007,RICHMOND,AG LAND,384
CENSUS,2007,RICHMOND,AG LAND,"6,776"
CENSUS,2007,RICHMOND,AG LAND, (D)
CENSUS,2007,RICHMOND,AG LAND, (D)
CENSUS,2007,RICHMOND,AG LAND, (D)
CENSUS,2007,RICHMOND,AG LAND, (D)
CENSUS,2007,STANLY,AG LAND,695
CENSUS,2007,STANLY,AG LAND,"13,315"
CENSUS,2007,STANLY,AG LAND,"35,524"
CENSUS,2007,STANLY,AG LAND,792
CENSUS,2007,STANLY,AG LAND,325
CENSUS,2007,STANLY,AG LAND, (D)
CENSUS,2007,STANLY,AG LAND, (D)
CENSUS,2007,UNION,AG LAND,"1,615"
CENSUS,2007,UNION,AG LAND,"7,426"
CENSUS,2007,UNION,AG LAND,"94,161"
CENSUS,2007,UNION,AG LAND,"8,011"
CENSUS,2007,UNION,AG LAND,820
CENSUS,2007,UNION,AG LAND, (D)
CENSUS,2007,UNION,AG LAND, (D)
CENSUS,2007,BUNCOMBE,AG LAND,"1,430"
CENSUS,2007,BUNCOMBE,AG LAND,"5,407"
CENSUS,2007,BUNCOMBE,AG LAND,"8,172"
CENSUS,2007,BUNCOMBE,AG LAND,"1,189"
CENSUS,2007,BUNCOMBE,AG LAND,971
CENSUS,2007,BUNCOMBE,AG LAND,459
CENSUS,2007,BURKE,AG LAND,304
CENSUS,2007,BURKE,AG LAND,"1,879"
CENSUS,2007,BURKE,AG LAND,"7,071"
CENSUS,2007,BURKE,AG LAND,"1,435"
CENSUS,2007,BURKE,AG LAND, (D)
CENSUS,2007,BURKE,AG LAND, (D)
CENSUS,2007,BURKE,AG LAND, (D)
CENSUS,2007,CHEROKEE,AG LAND,375
CENSUS,2007,CHEROKEE,AG LAND,"1,214"
CENSUS,2007,CHEROKEE,AG LAND,"3,329"
CENSUS,2007,CHEROKEE,AG LAND,120
CENSUS,2007,CHEROKEE,AG LAND,265
CENSUS,2007,CHEROKEE,AG LAND,110
CENSUS,2007,CLAY,AG LAND,161
CENSUS,2007,CLAY,AG LAND, (D)
CENSUS,2007,CLAY,AG LAND,"1,644"
CENSUS,2007,CLAY,AG LAND, (D)
CENSUS,2007,CLAY,AG LAND,161
CENSUS,2007,GRAHAM,AG LAND,135
CENSUS,2007,GRAHAM,AG LAND, (D)
CENSUS,2007,GRAHAM,AG LAND,519
CENSUS,2007,GRAHAM,AG LAND, (D)
CENSUS,2007,GRAHAM,AG LAND, (D)
CENSUS,2007,GRAHAM,AG LAND, (D)
CENSUS,2007,HAYWOOD,AG LAND,704
CENSUS,2007,HAYWOOD,AG LAND,"2,669"
CENSUS,2007,HAYWOOD,AG LAND,"6,789"
CENSUS,2007,HAYWOOD,AG LAND,344
CENSUS,2007,HAYWOOD,AG LAND,422
CENSUS,2007,HAYWOOD,AG LAND,282
CENSUS,2007,HENDERSON,AG LAND,"1,963"
CENSUS,2007,HENDERSON,AG LAND,"5,261"
CENSUS,2007,HENDERSON,AG LAND,"10,025"
CENSUS,2007,HENDERSON,AG LAND,"1,260"
CENSUS,2007,HENDERSON,AG LAND, (D)
CENSUS,2007,HENDERSON,AG LAND, (D)
CENSUS,2007,JACKSON,AG LAND,254
CENSUS,2007,JACKSON,AG LAND,"1,596"
CENSUS,2007,JACKSON,AG LAND,"1,795"
CENSUS,2007,JACKSON,AG LAND,"1,049"
CENSUS,2007,JACKSON,AG LAND,203
CENSUS,2007,JACKSON,AG LAND,51
CENSUS,2007,MACON,AG LAND,188
CENSUS,2007,MACON,AG LAND,"1,514"
CENSUS,2007,MACON,AG LAND,"2,599"
CENSUS,2007,MACON,AG LAND,237
CENSUS,2007,MACON,AG LAND, (D)
CENSUS,2007,MACON,AG LAND, (D)
CENSUS,2007,MADISON,AG LAND,692
CENSUS,2007,MADISON,AG LAND,"3,098"
CENSUS,2007,MADISON,AG LAND,"5,444"
CENSUS,2007,MADISON,AG LAND,414
CENSUS,2007,MADISON,AG LAND,490
CENSUS,2007,MADISON,AG LAND,179
CENSUS,2007,MADISON,AG LAND,23
CENSUS,2007,MCDOWELL,AG LAND,107
CENSUS,2007,MCDOWELL,AG LAND,"1,624"
CENSUS,2007,MCDOWELL,AG LAND,"2,526"
CENSUS,2007,MCDOWELL,AG LAND,403
CENSUS,2007,MCDOWELL,AG LAND, (D)
CENSUS,2007,MCDOWELL,AG LAND, (D)
CENSUS,2007,MITCHELL,AG LAND,199
CENSUS,2007,MITCHELL,AG LAND,"1,474"
CENSUS,2007,MITCHELL,AG LAND,"2,068"
CENSUS,2007,MITCHELL,AG LAND,70
CENSUS,2007,MITCHELL,AG LAND,102
CENSUS,2007,MITCHELL,AG LAND,97
CENSUS,2007,POLK,AG LAND,571
CENSUS,2007,POLK,AG LAND,"2,640"
CENSUS,2007,POLK,AG LAND, (D)
CENSUS,2007,POLK,AG LAND, (D)
CENSUS,2007,POLK,AG LAND,496
CENSUS,2007,POLK,AG LAND,75
CENSUS,2007,RUTHERFORD,AG LAND,489
CENSUS,2007,RUTHERFORD,AG LAND,"4,630"
CENSUS,2007,RUTHERFORD,AG LAND,"7,837"
CENSUS,2007,RUTHERFORD,AG LAND,713
CENSUS,2007,RUTHERFORD,AG LAND, (D)
CENSUS,2007,RUTHERFORD,AG LAND, (D)
CENSUS,2007,SWAIN,AG LAND,13
CENSUS,2007,SWAIN,AG LAND,349
CENSUS,2007,SWAIN,AG LAND,363
CENSUS,2007,SWAIN,AG LAND,3
CENSUS,2007,SWAIN,AG LAND, (D)
CENSUS,2007,SWAIN,AG LAND, (D)
CENSUS,2007,TRANSYLVANIA,AG LAND,466
CENSUS,2007,TRANSYLVANIA,AG LAND,"1,029"
CENSUS,2007,TRANSYLVANIA,AG LAND,"3,047"
CENSUS,2007,TRANSYLVANIA,AG LAND,"1,206"
CENSUS,2007,TRANSYLVANIA,AG LAND, (D)
CENSUS,2007,TRANSYLVANIA,AG LAND,396
CENSUS,2007,TRANSYLVANIA,AG LAND, (D)
CENSUS,2007,YANCEY,AG LAND,117
CENSUS,2007,YANCEY,AG LAND,"1,261"
CENSUS,2007,YANCEY,AG LAND,"3,363"
CENSUS,2007,YANCEY,AG LAND,251
CENSUS,2007,YANCEY,AG LAND,97
CENSUS,2007,YANCEY,AG LAND, (D)
CENSUS,2007,YANCEY,AG LAND, (D)
CENSUS,2002,BEAUFORT,AG LAND,327
CENSUS,2002,BEAUFORT,AG LAND,"28,929"
CENSUS,2002,BEAUFORT,AG LAND,"101,926"
CENSUS,2002,BEAUFORT,AG LAND,"19,048"
CENSUS,2002,BEAUFORT,AG LAND, (D)
CENSUS,2002,BEAUFORT,AG LAND, (D)
CENSUS,2002,CARTERET,AG LAND,264
CENSUS,2002,CARTERET,AG LAND, (D)
CENSUS,2002,CARTERET,AG LAND, (D)
CENSUS,2002,CARTERET,AG LAND, (D)
CENSUS,2002,CARTERET,AG LAND, (D)
CENSUS,2002,CARTERET,AG LAND, (D)
CENSUS,2002,CRAVEN,AG LAND,489
CENSUS,2002,CRAVEN,AG LAND,"8,005"
CENSUS,2002,CRAVEN,AG LAND,"39,236"
CENSUS,2002,CRAVEN,AG LAND,"7,547"
CENSUS,2002,CRAVEN,AG LAND,414
CENSUS,2002,CRAVEN,AG LAND,75
CENSUS,2002,GREENE,AG LAND,"1,257"
CENSUS,2002,GREENE,AG LAND,"13,638"
CENSUS,2002,GREENE,AG LAND,"36,933"
CENSUS,2002,GREENE,AG LAND,"19,267"
CENSUS,2002,GREENE,AG LAND,259
CENSUS,2002,GREENE,AG LAND, (D)
CENSUS,2002,GREENE,AG LAND, (D)
CENSUS,2002,HYDE,AG LAND, (D)
CENSUS,2002,HYDE,AG LAND,"11,006"
CENSUS,2002,HYDE,AG LAND,"56,498"
CENSUS,2002,HYDE,AG LAND,"20,695"
CENSUS,2002,HYDE,AG LAND, (D)
CENSUS,2002,JOHNSTON,AG LAND,"1,683"
CENSUS,2002,JOHNSTON,AG LAND,"21,501"
CENSUS,2002,JOHNSTON,AG LAND,"77,763"
CENSUS,2002,JOHNSTON,AG LAND,"10,877"
CENSUS,2002,JOHNSTON,AG LAND,"1,105"
CENSUS,2002,JOHNSTON,AG LAND, (D)
CENSUS,2002,JOHNSTON,AG LAND, (D)
CENSUS,2002,JONES,AG LAND, (D)
CENSUS,2002,JONES,AG LAND,"4,184"
CENSUS,2002,JONES,AG LAND,"40,298"
CENSUS,2002,JONES,AG LAND,"5,117"
CENSUS,2002,JONES,AG LAND, (D)
CENSUS,2002,JONES,AG LAND, (D)
CENSUS,2002,LENOIR,AG LAND,748
CENSUS,2002,LENOIR,AG LAND,"11,843"
CENSUS,2002,LENOIR,AG LAND,"62,688"
CENSUS,2002,LENOIR,AG LAND,"11,940"
CENSUS,2002,LENOIR,AG LAND,748
CENSUS,2002,PAMLICO,AG LAND, (D)
CENSUS,2002,PAMLICO,AG LAND, (D)
CENSUS,2002,PAMLICO,AG LAND,"41,411"
CENSUS,2002,PAMLICO,AG LAND, (D)
CENSUS,2002,PAMLICO,AG LAND, (D)
CENSUS,2002,PITT,AG LAND,"5,430"
CENSUS,2002,PITT,AG LAND,"11,165"
CENSUS,2002,PITT,AG LAND,"83,605"
CENSUS,2002,PITT,AG LAND,"29,476"
CENSUS,2002,PITT,AG LAND, (D)
CENSUS,2002,PITT,AG LAND,"4,042"
CENSUS,2002,PITT,AG LAND, (D)
CENSUS,2002,WAYNE,AG LAND,"1,014"
CENSUS,2002,WAYNE,AG LAND,"14,647"
CENSUS,2002,WAYNE,AG LAND,"84,611"
CENSUS,2002,WAYNE,AG LAND,"19,026"
CENSUS,2002,WAYNE,AG LAND,285
CENSUS,2002,WAYNE,AG LAND,465
CENSUS,2002,WAYNE,AG LAND,264
CENSUS,2002,WILSON,AG LAND,91
CENSUS,2002,WILSON,AG LAND,"3,884"
CENSUS,2002,WILSON,AG LAND,"63,060"
CENSUS,2002,WILSON,AG LAND,"13,688"
CENSUS,2002,WILSON,AG LAND, (D)
CENSUS,2002,WILSON,AG LAND, (D)
CENSUS,2002,ALEXANDER,AG LAND,"1,570"
CENSUS,2002,ALEXANDER,AG LAND,"5,082"
CENSUS,2002,ALEXANDER,AG LAND,"11,942"
CENSUS,2002,ALEXANDER,AG LAND,412
CENSUS,2002,ALEXANDER,AG LAND,826
CENSUS,2002,ALEXANDER,AG LAND, (D)
CENSUS,2002,ALEXANDER,AG LAND, (D)
CENSUS,2002,CATAWBA,AG LAND,885
CENSUS,2002,CATAWBA,AG LAND,"5,451"
CENSUS,2002,CATAWBA,AG LAND,"19,734"
CENSUS,2002,CATAWBA,AG LAND,"1,764"
CENSUS,2002,CATAWBA,AG LAND,479
CENSUS,2002,CATAWBA,AG LAND,406
CENSUS,2002,CHATHAM,AG LAND,"1,944"
CENSUS,2002,CHATHAM,AG LAND,"8,484"
CENSUS,2002,CHATHAM,AG LAND,"14,819"
CENSUS,2002,CHATHAM,AG LAND,"1,287"
CENSUS,2002,CHATHAM,AG LAND,"1,299"
CENSUS,2002,CHATHAM,AG LAND,567
CENSUS,2002,CHATHAM,AG LAND,78
CENSUS,2002,DAVIDSON,AG LAND,652
CENSUS,2002,DAVIDSON,AG LAND,"12,105"
CENSUS,2002,DAVIDSON,AG LAND,"24,213"
CENSUS,2002,DAVIDSON,AG LAND,"1,993"
CENSUS,2002,DAVIDSON,AG LAND, (D)
CENSUS,2002,DAVIDSON,AG LAND, (D)
CENSUS,2002,DAVIE,AG LAND,809
CENSUS,2002,DAVIE,AG LAND,"6,602"
CENSUS,2002,DAVIE,AG LAND,"18,050"
CENSUS,2002,DAVIE,AG LAND,"3,080"
CENSUS,2002,DAVIE,AG LAND,672
CENSUS,2002,DAVIE,AG LAND,137
CENSUS,2002,IREDELL,AG LAND,"2,253"
CENSUS,2002,IREDELL,AG LAND,"11,696"
CENSUS,2002,IREDELL,AG LAND,"41,024"
CENSUS,2002,IREDELL,AG LAND,"3,126"
CENSUS,2002,IREDELL,AG LAND,"1,031"
CENSUS,2002,IREDELL,AG LAND,"1,163"
CENSUS,2002,IREDELL,AG LAND,59
CENSUS,2002,LEE,AG LAND,123
CENSUS,2002,LEE,AG LAND,"3,285"
CENSUS,2002,LEE,AG LAND,"8,336"
CENSUS,2002,LEE,AG LAND,"2,648"
CENSUS,2002,LEE,AG LAND,87
CENSUS,2002,LEE,AG LAND,36
CENSUS,2002,RANDOLPH,AG LAND,"2,393"
CENSUS,2002,RANDOLPH,AG LAND,"14,103"
CENSUS,2002,RANDOLPH,AG LAND,"29,416"
CENSUS,2002,RANDOLPH,AG LAND,630
CENSUS,2002,RANDOLPH,AG LAND,"1,127"
CENSUS,2002,RANDOLPH,AG LAND,"1,266"
CENSUS,2002,ROWAN,AG LAND,"2,870"
CENSUS,2002,ROWAN,AG LAND,"11,480"
CENSUS,2002,ROWAN,AG LAND,"35,824"
CENSUS,2002,ROWAN,AG LAND,"1,697"
CENSUS,2002,ROWAN,AG LAND,"1,510"
CENSUS,2002,ROWAN,AG LAND,"1,360"
CENSUS,2002,WAKE,AG LAND,332
CENSUS,2002,WAKE,AG LAND,"4,687"
CENSUS,2002,WAKE,AG LAND,"18,940"
CENSUS,2002,WAKE,AG LAND,"3,678"
CENSUS,2002,WAKE,AG LAND,273
CENSUS,2002,WAKE,AG LAND,59
CENSUS,2002,BERTIE,AG LAND,"5,470"
CENSUS,2002,BERTIE,AG LAND,"3,700"
CENSUS,2002,BERTIE,AG LAND,"63,558"
CENSUS,2002,BERTIE,AG LAND,"18,690"
CENSUS,2002,BERTIE,AG LAND, (D)
CENSUS,2002,BERTIE,AG LAND, (D)
CENSUS,2002,BERTIE,AG LAND,102
CENSUS,2002,CAMDEN,AG LAND, (D)
CENSUS,2002,CAMDEN,AG LAND,424
CENSUS,2002,CAMDEN,AG LAND,"43,521"
CENSUS,2002,CAMDEN,AG LAND,"11,021"
CENSUS,2002,CAMDEN,AG LAND, (D)
CENSUS,2002,CAMDEN,AG LAND, (D)
CENSUS,2002,CHOWAN,AG LAND, (D)
CENSUS,2002,CHOWAN,AG LAND,"6,462"
CENSUS,2002,CHOWAN,AG LAND,"34,161"
CENSUS,2002,CHOWAN,AG LAND,"3,672"
CENSUS,2002,CHOWAN,AG LAND, (D)
CENSUS,2002,CURRITUCK,AG LAND,102
CENSUS,2002,CURRITUCK,AG LAND,"1,327"
CENSUS,2002,CURRITUCK,AG LAND,"18,436"
CENSUS,2002,CURRITUCK,AG LAND,"9,013"
CENSUS,2002,CURRITUCK,AG LAND,102
CENSUS,2002,DARE,AG LAND, (D)
CENSUS,2002,DARE,AG LAND,6
CENSUS,2002,DARE,AG LAND, (D)
CENSUS,2002,DARE,AG LAND, (D)
CENSUS,2002,DARE,AG LAND, (D)
CENSUS,2002,EDGECOMBE,AG LAND,"1,279"
CENSUS,2002,EDGECOMBE,AG LAND,"8,248"
CENSUS,2002,EDGECOMBE,AG LAND,"77,872"
CENSUS,2002,EDGECOMBE,AG LAND,"10,163"
CENSUS,2002,EDGECOMBE,AG LAND,5
CENSUS,2002,EDGECOMBE,AG LAND,"1,274"
CENSUS,2002,GATES,AG LAND,"1,403"
CENSUS,2002,GATES,AG LAND,"46,854"
CENSUS,2002,GATES,AG LAND,977
CENSUS,2002,HALIFAX,AG LAND,"1,966"
CENSUS,2002,HALIFAX,AG LAND,"5,642"
CENSUS,2002,HALIFAX,AG LAND,"86,601"
CENSUS,2002,HALIFAX,AG LAND,"11,686"
CENSUS,2002,HALIFAX,AG LAND, (D)
CENSUS,2002,HALIFAX,AG LAND, (D)
CENSUS,2002,HALIFAX,AG LAND, (D)
CENSUS,2002,HERTFORD,AG LAND,"3,037"
CENSUS,2002,HERTFORD,AG LAND,"40,647"
CENSUS,2002,HERTFORD,AG LAND,"8,184"
CENSUS,2002,MARTIN,AG LAND,429
CENSUS,2002,MARTIN,AG LAND,"3,288"
CENSUS,2002,MARTIN,AG LAND,"50,899"
CENSUS,2002,MARTIN,AG LAND,"12,474"
CENSUS,2002,MARTIN,AG LAND, (D)
CENSUS,2002,MARTIN,AG LAND, (D)
CENSUS,2002,NASH,AG LAND,937
CENSUS,2002,NASH,AG LAND,"4,815"
CENSUS,2002,NASH,AG LAND,"69,073"
CENSUS,2002,NASH,AG LAND,"12,143"
CENSUS,2002,NASH,AG LAND,300
CENSUS,2002,NASH,AG LAND,637
CENSUS,2002,NORTHAMPTON,AG LAND,"1,745"
CENSUS,2002,NORTHAMPTON,AG LAND,"5,163"
CENSUS,2002,NORTHAMPTON,AG LAND,"74,937"
CENSUS,2002,NORTHAMPTON,AG LAND,"6,407"
CENSUS,2002,NORTHAMPTON,AG LAND, (D)
CENSUS,2002,NORTHAMPTON,AG LAND, (D)
CENSUS,2002,PASQUOTANK,AG LAND, (D)
CENSUS,2002,PASQUOTANK,AG LAND,"5,768"
CENSUS,2002,PASQUOTANK,AG LAND,"73,564"
CENSUS,2002,PASQUOTANK,AG LAND,"14,000"
CENSUS,2002,PASQUOTANK,AG LAND, (D)
CENSUS,2002,PASQUOTANK,AG LAND, (D)
CENSUS,2002,PERQUIMANS,AG LAND, (D)
CENSUS,2002,PERQUIMANS,AG LAND,"6,612"
CENSUS,2002,PERQUIMANS,AG LAND,"65,366"
CENSUS,2002,PERQUIMANS,AG LAND,"13,656"
CENSUS,2002,PERQUIMANS,AG LAND, (D)
CENSUS,2002,PERQUIMANS,AG LAND, (D)
CENSUS,2002,TYRRELL,AG LAND, (D)
CENSUS,2002,TYRRELL,AG LAND,912
CENSUS,2002,TYRRELL,AG LAND,"51,363"
CENSUS,2002,TYRRELL,AG LAND,"16,131"
CENSUS,2002,TYRRELL,AG LAND, (D)
CENSUS,2002,TYRRELL,AG LAND, (D)
CENSUS,2002,WASHINGTON,AG LAND, (D)
CENSUS,2002,WASHINGTON,AG LAND,"4,402"
CENSUS,2002,WASHINGTON,AG LAND,"85,639"
CENSUS,2002,WASHINGTON,AG LAND,"8,265"
CENSUS,2002,WASHINGTON,AG LAND, (D)
CENSUS,2002,ALLEGHANY,AG LAND,"1,265"
CENSUS,2002,ALLEGHANY,AG LAND,"5,189"
CENSUS,2002,ALLEGHANY,AG LAND,"11,671"
CENSUS,2002,ALLEGHANY,AG LAND,469
CENSUS,2002,ALLEGHANY,AG LAND, (D)
CENSUS,2002,ALLEGHANY,AG LAND,579
CENSUS,2002,ALLEGHANY,AG LAND, (D)
CENSUS,2002,ASHE,AG LAND,885
CENSUS,2002,ASHE,AG LAND,"7,377"
CENSUS,2002,ASHE,AG LAND,"13,209"
CENSUS,2002,ASHE,AG LAND,653
CENSUS,2002,ASHE,AG LAND,588
CENSUS,2002,ASHE,AG LAND, (D)
CENSUS,2002,ASHE,AG LAND, (D)
CENSUS,2002,AVERY,AG LAND,334
CENSUS,2002,AVERY,AG LAND,"3,581"
CENSUS,2002,AVERY,AG LAND,"6,024"
CENSUS,2002,AVERY,AG LAND,358
CENSUS,2002,AVERY,AG LAND,165
CENSUS,2002,AVERY,AG LAND,169
CENSUS,2002,CALDWELL,AG LAND,251
CENSUS,2002,CALDWELL,AG LAND, (D)
CENSUS,2002,CALDWELL,AG LAND, (D)
CENSUS,2002,CALDWELL,AG LAND,392
CENSUS,2002,CALDWELL,AG LAND,251
CENSUS,2002,SURRY,AG LAND,"1,021"
CENSUS,2002,SURRY,AG LAND,"9,522"
CENSUS,2002,SURRY,AG LAND,"28,804"
CENSUS,2002,SURRY,AG LAND,"1,562"
CENSUS,2002,SURRY,AG LAND,748
CENSUS,2002,SURRY,AG LAND, (D)
CENSUS,2002,SURRY,AG LAND, (D)
CENSUS,2002,WATAUGA,AG LAND,428
CENSUS,2002,WATAUGA,AG LAND,"4,314"
CENSUS,2002,WATAUGA,AG LAND,"4,073"
CENSUS,2002,WATAUGA,AG LAND,435
CENSUS,2002,WATAUGA,AG LAND,363
CENSUS,2002,WATAUGA,AG LAND,65
CENSUS,2002,WILKES,AG LAND,"1,163"
CENSUS,2002,WILKES,AG LAND,"8,874"
CENSUS,2002,WILKES,AG LAND,"20,772"
CENSUS,2002,WILKES,AG LAND,952
CENSUS,2002,WILKES,AG LAND,689
CENSUS,2002,WILKES,AG LAND,474
CENSUS,2002,YADKIN,AG LAND,522
CENSUS,2002,YADKIN,AG LAND,"7,689"
CENSUS,2002,YADKIN,AG LAND,"40,872"
CENSUS,2002,YADKIN,AG LAND,"1,009"
CENSUS,2002,YADKIN,AG LAND,338
CENSUS,2002,YADKIN,AG LAND,184
CENSUS,2002,ALAMANCE,AG LAND,"1,110"
CENSUS,2002,ALAMANCE,AG LAND,"8,608"
CENSUS,2002,ALAMANCE,AG LAND,"12,505"
CENSUS,2002,ALAMANCE,AG LAND,"2,310"
CENSUS,2002,ALAMANCE,AG LAND,691
CENSUS,2002,ALAMANCE,AG LAND,419
CENSUS,2002,CASWELL,AG LAND,"1,299"
CENSUS,2002,CASWELL,AG LAND,"5,002"
CENSUS,2002,CASWELL,AG LAND,"10,608"
CENSUS,2002,CASWELL,AG LAND,819
CENSUS,2002,CASWELL,AG LAND,515
CENSUS,2002,CASWELL,AG LAND,784
CENSUS,2002,DURHAM,AG LAND,529
CENSUS,2002,DURHAM,AG LAND,"1,682"
CENSUS,2002,DURHAM,AG LAND,"2,536"
CENSUS,2002,DURHAM,AG LAND,292
CENSUS,2002,DURHAM,AG LAND,204
CENSUS,2002,DURHAM,AG LAND,325
CENSUS,2002,FORSYTH,AG LAND,740
CENSUS,2002,FORSYTH,AG LAND,"8,331"
CENSUS,2002,FORSYTH,AG LAND,"9,589"
CENSUS,2002,FORSYTH,AG LAND,573
CENSUS,2002,FORSYTH,AG LAND,508
CENSUS,2002,FORSYTH,AG LAND,102
CENSUS,2002,FORSYTH,AG LAND,130
CENSUS,2002,FRANKLIN,AG LAND,"1,177"
CENSUS,2002,FRANKLIN,AG LAND,"5,698"
CENSUS,2002,FRANKLIN,AG LAND,"26,781"
CENSUS,2002,FRANKLIN,AG LAND,"1,221"
CENSUS,2002,FRANKLIN,AG LAND,891
CENSUS,2002,FRANKLIN,AG LAND,286
CENSUS,2002,GRANVILLE,AG LAND,446
CENSUS,2002,GRANVILLE,AG LAND,"5,646"
CENSUS,2002,GRANVILLE,AG LAND,"14,158"
CENSUS,2002,GRANVILLE,AG LAND,"1,222"
CENSUS,2002,GRANVILLE,AG LAND,373
CENSUS,2002,GRANVILLE,AG LAND, (D)
CENSUS,2002,GRANVILLE,AG LAND, (D)
CENSUS,2002,GUILFORD,AG LAND,810
CENSUS,2002,GUILFORD,AG LAND,"8,701"
CENSUS,2002,GUILFORD,AG LAND,"22,693"
CENSUS,2002,GUILFORD,AG LAND,"2,662"
CENSUS,2002,GUILFORD,AG LAND,582
CENSUS,2002,GUILFORD,AG LAND,215
CENSUS,2002,GUILFORD,AG LAND,13
CENSUS,2002,ORANGE,AG LAND,938
CENSUS,2002,ORANGE,AG LAND,"4,392"
CENSUS,2002,ORANGE,AG LAND,"14,374"
CENSUS,2002,ORANGE,AG LAND,639
CENSUS,2002,ORANGE,AG LAND,535
CENSUS,2002,ORANGE,AG LAND, (D)
CENSUS,2002,ORANGE,AG LAND, (D)
CENSUS,2002,PERSON,AG LAND,257
CENSUS,2002,PERSON,AG LAND,"5,083"
CENSUS,2002,PERSON,AG LAND,"16,087"
CENSUS,2002,PERSON,AG LAND,"3,210"
CENSUS,2002,PERSON,AG LAND, (D)
CENSUS,2002,PERSON,AG LAND, (D)
CENSUS,2002,ROCKINGHAM,AG LAND,"1,005"
CENSUS,2002,ROCKINGHAM,AG LAND,"7,922"
CENSUS,2002,ROCKINGHAM,AG LAND,"16,788"
CENSUS,2002,ROCKINGHAM,AG LAND,"2,808"
CENSUS,2002,ROCKINGHAM,AG LAND,660
CENSUS,2002,ROCKINGHAM,AG LAND,315
CENSUS,2002,ROCKINGHAM,AG LAND,30
CENSUS,2002,STOKES,AG LAND,702
CENSUS,2002,STOKES,AG LAND,"6,509"
CENSUS,2002,STOKES,AG LAND,"13,337"
CENSUS,2002,STOKES,AG LAND,"1,024"
CENSUS,2002,STOKES,AG LAND,518
CENSUS,2002,STOKES,AG LAND,173
CENSUS,2002,STOKES,AG LAND,11
CENSUS,2002,VANCE,AG LAND,421
CENSUS,2002,VANCE,AG LAND,"1,038"
CENSUS,2002,VANCE,AG LAND,"11,379"
CENSUS,2002,VANCE,AG LAND,"1,427"
CENSUS,2002,VANCE,AG LAND, (D)
CENSUS,2002,VANCE,AG LAND,217
CENSUS,2002,VANCE,AG LAND, (D)
CENSUS,2002,WARREN,AG LAND,349
CENSUS,2002,WARREN,AG LAND,"2,907"
CENSUS,2002,WARREN,AG LAND,"10,418"
CENSUS,2002,WARREN,AG LAND,"1,065"
CENSUS,2002,WARREN,AG LAND, (D)
CENSUS,2002,WARREN,AG LAND, (D)
CENSUS,2002,BLADEN,AG LAND,"2,860"
CENSUS,2002,BLADEN,AG LAND,"17,740"
CENSUS,2002,BLADEN,AG LAND,"42,878"
CENSUS,2002,BLADEN,AG LAND,"4,335"
CENSUS,2002,BLADEN,AG LAND, (D)
CENSUS,2002,BLADEN,AG LAND,"2,062"
CENSUS,2002,BLADEN,AG LAND, (D)
CENSUS,2002,BRUNSWICK,AG LAND,795
CENSUS,2002,BRUNSWICK,AG LAND,"3,637"
CENSUS,2002,BRUNSWICK,AG LAND,"14,350"
CENSUS,2002,BRUNSWICK,AG LAND,"2,357"
CENSUS,2002,BRUNSWICK,AG LAND,58
CENSUS,2002,BRUNSWICK,AG LAND,732
CENSUS,2002,BRUNSWICK,AG LAND,5
CENSUS,2002,COLUMBUS,AG LAND,"1,649"
CENSUS,2002,COLUMBUS,AG LAND,"17,668"
CENSUS,2002,COLUMBUS,AG LAND,"65,285"
CENSUS,2002,COLUMBUS,AG LAND,"12,624"
CENSUS,2002,COLUMBUS,AG LAND,354
CENSUS,2002,COLUMBUS,AG LAND,"1,235"
CENSUS,2002,COLUMBUS,AG LAND,60
CENSUS,2002,CUMBERLAND,AG LAND,494
CENSUS,2002,CUMBERLAND,AG LAND,"11,649"
CENSUS,2002,CUMBERLAND,AG LAND,"28,815"
CENSUS,2002,CUMBERLAND,AG LAND,"2,889"
CENSUS,2002,CUMBERLAND,AG LAND,337
CENSUS,2002,CUMBERLAND,AG LAND,157
CENSUS,2002,DUPLIN,AG LAND,"7,874"
CENSUS,2002,DUPLIN,AG LAND,"28,904"
CENSUS,2002,DUPLIN,AG LAND,"93,857"
CENSUS,2002,DUPLIN,AG LAND,"18,592"
CENSUS,2002,DUPLIN,AG LAND, (D)
CENSUS,2002,DUPLIN,AG LAND,"4,684"
CENSUS,2002,DUPLIN,AG LAND, (D)
CENSUS,2002,HARNETT,AG LAND,737
CENSUS,2002,HARNETT,AG LAND,"5,628"
CENSUS,2002,HARNETT,AG LAND,"44,239"
CENSUS,2002,HARNETT,AG LAND,"3,261"
CENSUS,2002,HARNETT,AG LAND, (D)
CENSUS,2002,HARNETT,AG LAND,318
CENSUS,2002,HARNETT,AG LAND, (D)
CENSUS,2002,HOKE,AG LAND,116
CENSUS,2002,HOKE,AG LAND,"7,987"
CENSUS,2002,HOKE,AG LAND,"27,426"
CENSUS,2002,HOKE,AG LAND,"1,534"
CENSUS,2002,HOKE,AG LAND,116
CENSUS,2002,NEW HANOVER,AG LAND,44
CENSUS,2002,NEW HANOVER,AG LAND, (D)
CENSUS,2002,NEW HANOVER,AG LAND,598
CENSUS,2002,NEW HANOVER,AG LAND, (D)
CENSUS,2002,NEW HANOVER,AG LAND, (D)
CENSUS,2002,NEW HANOVER,AG LAND, (D)
CENSUS,2002,ONSLOW,AG LAND,"1,253"
CENSUS,2002,ONSLOW,AG LAND,"11,179"
CENSUS,2002,ONSLOW,AG LAND,"22,577"
CENSUS,2002,ONSLOW,AG LAND,"5,514"
CENSUS,2002,ONSLOW,AG LAND,385
CENSUS,2002,ONSLOW,AG LAND,868
CENSUS,2002,PENDER,AG LAND,197
CENSUS,2002,PENDER,AG LAND,"4,569"
CENSUS,2002,PENDER,AG LAND,"25,565"
CENSUS,2002,PENDER,AG LAND,"3,235"
CENSUS,2002,PENDER,AG LAND,197
CENSUS,2002,ROBESON,AG LAND,"3,053"
CENSUS,2002,ROBESON,AG LAND,"22,255"
CENSUS,2002,ROBESON,AG LAND,"165,218"
CENSUS,2002,ROBESON,AG LAND,"20,832"
CENSUS,2002,ROBESON,AG LAND,852
CENSUS,2002,ROBESON,AG LAND,145
CENSUS,2002,ROBESON,AG LAND,"2,056"
CENSUS,2002,SAMPSON,AG LAND,932
CENSUS,2002,SAMPSON,AG LAND,"30,838"
CENSUS,2002,SAMPSON,AG LAND,"120,458"
CENSUS,2002,SAMPSON,AG LAND,"17,616"
CENSUS,2002,SAMPSON,AG LAND,832
CENSUS,2002,SAMPSON,AG LAND,100
CENSUS,2002,SCOTLAND,AG LAND,602
CENSUS,2002,SCOTLAND,AG LAND,"3,870"
CENSUS,2002,SCOTLAND,AG LAND,"27,337"
CENSUS,2002,SCOTLAND,AG LAND,"1,420"
CENSUS,2002,SCOTLAND,AG LAND,602
CENSUS,2002,ANSON,AG LAND,466
CENSUS,2002,ANSON,AG LAND,"4,224"
CENSUS,2002,ANSON,AG LAND,"17,015"
CENSUS,2002,ANSON,AG LAND,"1,045"
CENSUS,2002,ANSON,AG LAND,466
CENSUS,2002,CABARRUS,AG LAND,"1,642"
CENSUS,2002,CABARRUS,AG LAND,"6,945"
CENSUS,2002,CABARRUS,AG LAND,"19,708"
CENSUS,2002,CABARRUS,AG LAND,290
CENSUS,2002,CABARRUS,AG LAND,671
CENSUS,2002,CABARRUS,AG LAND,971
CENSUS,2002,CLEVELAND,AG LAND,982
CENSUS,2002,CLEVELAND,AG LAND,"8,359"
CENSUS,2002,CLEVELAND,AG LAND,"19,896"
CENSUS,2002,CLEVELAND,AG LAND,"4,169"
CENSUS,2002,CLEVELAND,AG LAND,814
CENSUS,2002,CLEVELAND,AG LAND,168
CENSUS,2002,GASTON,AG LAND,498
CENSUS,2002,GASTON,AG LAND,"5,616"
CENSUS,2002,GASTON,AG LAND,"6,577"
CENSUS,2002,GASTON,AG LAND,"1,110"
CENSUS,2002,GASTON,AG LAND,241
CENSUS,2002,GASTON,AG LAND,257
CENSUS,2002,LINCOLN,AG LAND,512
CENSUS,2002,LINCOLN,AG LAND,"4,819"
CENSUS,2002,LINCOLN,AG LAND,"18,261"
CENSUS,2002,LINCOLN,AG LAND,122
CENSUS,2002,LINCOLN,AG LAND,141
CENSUS,2002,LINCOLN,AG LAND,371
CENSUS,2002,MECKLENBURG,AG LAND,355
CENSUS,2002,MECKLENBURG,AG LAND,"2,669"
CENSUS,2002,MECKLENBURG,AG LAND,"3,023"
CENSUS,2002,MECKLENBURG,AG LAND,"1,041"
CENSUS,2002,MECKLENBURG,AG LAND, (D)
CENSUS,2002,MECKLENBURG,AG LAND, (D)
CENSUS,2002,MECKLENBURG,AG LAND, (D)
CENSUS,2002,MONTGOMERY,AG LAND,60
CENSUS,2002,MONTGOMERY,AG LAND,"1,863"
CENSUS,2002,MONTGOMERY,AG LAND,"5,113"
CENSUS,2002,MONTGOMERY,AG LAND,213
CENSUS,2002,MONTGOMERY,AG LAND,60
CENSUS,2002,MOORE,AG LAND,555
CENSUS,2002,MOORE,AG LAND,"5,068"
CENSUS,2002,MOORE,AG LAND,"12,044"
CENSUS,2002,MOORE,AG LAND,812
CENSUS,2002,MOORE,AG LAND,470
CENSUS,2002,MOORE,AG LAND, (D)
CENSUS,2002,MOORE,AG LAND, (D)
CENSUS,2002,RICHMOND,AG LAND,351
CENSUS,2002,RICHMOND,AG LAND,"3,084"
CENSUS,2002,RICHMOND,AG LAND,"9,486"
CENSUS,2002,RICHMOND,AG LAND,164
CENSUS,2002,RICHMOND,AG LAND, (D)
CENSUS,2002,RICHMOND,AG LAND, (D)
CENSUS,2002,STANLY,AG LAND,762
CENSUS,2002,STANLY,AG LAND,"8,891"
CENSUS,2002,STANLY,AG LAND,"44,016"
CENSUS,2002,STANLY,AG LAND,996
CENSUS,2002,STANLY,AG LAND, (D)
CENSUS,2002,STANLY,AG LAND,478
CENSUS,2002,STANLY,AG LAND, (D)
CENSUS,2002,UNION,AG LAND,"1,776"
CENSUS,2002,UNION,AG LAND,"10,272"
CENSUS,2002,UNION,AG LAND,"91,272"
CENSUS,2002,UNION,AG LAND,"8,788"
CENSUS,2002,UNION,AG LAND,"1,369"
CENSUS,2002,UNION,AG LAND,407
CENSUS,2002,BUNCOMBE,AG LAND,"1,412"
CENSUS,2002,BUNCOMBE,AG LAND,"6,961"
CENSUS,2002,BUNCOMBE,AG LAND,"10,159"
CENSUS,2002,BUNCOMBE,AG LAND,402
CENSUS,2002,BUNCOMBE,AG LAND,637
CENSUS,2002,BUNCOMBE,AG LAND,775
CENSUS,2002,BURKE,AG LAND,225
CENSUS,2002,BURKE,AG LAND,"2,216"
CENSUS,2002,BURKE,AG LAND,"8,452"
CENSUS,2002,BURKE,AG LAND,513
CENSUS,2002,BURKE,AG LAND, (D)
CENSUS,2002,BURKE,AG LAND, (D)
CENSUS,2002,CHEROKEE,AG LAND,462
CENSUS,2002,CHEROKEE,AG LAND,"1,849"
CENSUS,2002,CHEROKEE,AG LAND,"3,034"
CENSUS,2002,CHEROKEE,AG LAND,199
CENSUS,2002,CHEROKEE,AG LAND,379
CENSUS,2002,CHEROKEE,AG LAND, (D)
CENSUS,2002,CHEROKEE,AG LAND, (D)
CENSUS,2002,CLAY,AG LAND,78
CENSUS,2002,CLAY,AG LAND,676
CENSUS,2002,CLAY,AG LAND,"2,211"
CENSUS,2002,CLAY,AG LAND,118
CENSUS,2002,CLAY,AG LAND, (D)
CENSUS,2002,CLAY,AG LAND, (D)
CENSUS,2002,GRAHAM,AG LAND, (D)
CENSUS,2002,GRAHAM,AG LAND, (D)
CENSUS,2002,GRAHAM,AG LAND,591
CENSUS,2002,GRAHAM,AG LAND, (D)
CENSUS,2002,GRAHAM,AG LAND, (D)
CENSUS,2002,GRAHAM,AG LAND, (D)
CENSUS,2002,HAYWOOD,AG LAND,"1,242"
CENSUS,2002,HAYWOOD,AG LAND,"3,149"
CENSUS,2002,HAYWOOD,AG LAND,"7,246"
CENSUS,2002,HAYWOOD,AG LAND,688
CENSUS,2002,HAYWOOD,AG LAND,849
CENSUS,2002,HAYWOOD,AG LAND,196
CENSUS,2002,HAYWOOD,AG LAND,197
CENSUS,2002,HENDERSON,AG LAND,"3,952"
CENSUS,2002,HENDERSON,AG LAND,"4,328"
CENSUS,2002,HENDERSON,AG LAND,"15,790"
CENSUS,2002,HENDERSON,AG LAND,"2,322"
CENSUS,2002,HENDERSON,AG LAND,369
CENSUS,2002,HENDERSON,AG LAND,"3,583"
CENSUS,2002,JACKSON,AG LAND,61
CENSUS,2002,JACKSON,AG LAND,"1,706"
CENSUS,2002,JACKSON,AG LAND,924
CENSUS,2002,JACKSON,AG LAND,"1,178"
CENSUS,2002,JACKSON,AG LAND, (D)
CENSUS,2002,JACKSON,AG LAND, (D)
CENSUS,2002,MACON,AG LAND,254
CENSUS,2002,MACON,AG LAND,"2,013"
CENSUS,2002,MACON,AG LAND,"3,135"
CENSUS,2002,MACON,AG LAND,244
CENSUS,2002,MACON,AG LAND, (D)
CENSUS,2002,MACON,AG LAND, (D)
CENSUS,2002,MACON,AG LAND, (D)
CENSUS,2002,MADISON,AG LAND,895
CENSUS,2002,MADISON,AG LAND,"4,397"
CENSUS,2002,MADISON,AG LAND,"4,942"
CENSUS,2002,MADISON,AG LAND,540
CENSUS,2002,MADISON,AG LAND,481
CENSUS,2002,MADISON,AG LAND, (D)
CENSUS,2002,MADISON,AG LAND, (D)
CENSUS,2002,MCDOWELL,AG LAND,209
CENSUS,2002,MCDOWELL,AG LAND,"1,877"
CENSUS,2002,MCDOWELL,AG LAND,"2,981"
CENSUS,2002,MCDOWELL,AG LAND,731
CENSUS,2002,MCDOWELL,AG LAND, (D)
CENSUS,2002,MCDOWELL,AG LAND, (D)
CENSUS,2002,MCDOWELL,AG LAND, (D)
CENSUS,2002,MITCHELL,AG LAND,219
CENSUS,2002,MITCHELL,AG LAND,"2,736"
CENSUS,2002,MITCHELL,AG LAND,"2,165"
CENSUS,2002,MITCHELL,AG LAND,40
CENSUS,2002,MITCHELL,AG LAND,154
CENSUS,2002,MITCHELL,AG LAND,65
CENSUS,2002,POLK,AG LAND,493
CENSUS,2002,POLK,AG LAND,"2,248"
CENSUS,2002,POLK,AG LAND, (D)
CENSUS,2002,POLK,AG LAND, (D)
CENSUS,2002,POLK,AG LAND,400
CENSUS,2002,POLK,AG LAND,93
CENSUS,2002,RUTHERFORD,AG LAND,806
CENSUS,2002,RUTHERFORD,AG LAND,"5,173"
CENSUS,2002,RUTHERFORD,AG LAND,"9,809"
CENSUS,2002,RUTHERFORD,AG LAND,256
CENSUS,2002,RUTHERFORD,AG LAND,485
CENSUS,2002,RUTHERFORD,AG LAND, (D)
CENSUS,2002,RUTHERFORD,AG LAND, (D)
CENSUS,2002,SWAIN,AG LAND,109
CENSUS,2002,SWAIN,AG LAND, (D)
CENSUS,2002,SWAIN,AG LAND,884
CENSUS,2002,SWAIN,AG LAND, (D)
CENSUS,2002,SWAIN,AG LAND, (D)
CENSUS,2002,SWAIN,AG LAND, (D)
CENSUS,2002,TRANSYLVANIA,AG LAND,975
CENSUS,2002,TRANSYLVANIA,AG LAND,"1,276"
CENSUS,2002,TRANSYLVANIA,AG LAND,"4,884"
CENSUS,2002,TRANSYLVANIA,AG LAND,150
CENSUS,2002,TRANSYLVANIA,AG LAND, (D)
CENSUS,2002,TRANSYLVANIA,AG LAND, (D)
CENSUS,2002,YANCEY,AG LAND,291
CENSUS,2002,YANCEY,AG LAND,"2,335"
CENSUS,2002,YANCEY,AG LAND,"2,602"
CENSUS,2002,YANCEY,AG LAND,459
CENSUS,2002,YANCEY,AG LAND, (D)
CENSUS,2002,YANCEY,AG LAND, (D)
CENSUS,1997,BEAUFORT,AG LAND,"21,598"
CENSUS,1997,BEAUFORT,AG LAND,"89,524"
CENSUS,1997,BEAUFORT,AG LAND,"17,379"
CENSUS,1997,CARTERET,AG LAND, (D)
CENSUS,1997,CARTERET,AG LAND,"8,281"
CENSUS,1997,CARTERET,AG LAND, (D)
CENSUS,1997,CRAVEN,AG LAND,"9,407"
CENSUS,1997,CRAVEN,AG LAND,"33,897"
CENSUS,1997,CRAVEN,AG LAND,"12,819"
CENSUS,1997,GREENE,AG LAND,"7,638"
CENSUS,1997,GREENE,AG LAND,"48,077"
CENSUS,1997,GREENE,AG LAND,"16,217"
CENSUS,1997,HYDE,AG LAND,"14,008"
CENSUS,1997,HYDE,AG LAND,"50,289"
CENSUS,1997,HYDE,AG LAND,"11,799"
CENSUS,1997,JOHNSTON,AG LAND,"17,338"
CENSUS,1997,JOHNSTON,AG LAND,"80,970"
CENSUS,1997,JOHNSTON,AG LAND,"12,350"
CENSUS,1997,JONES,AG LAND,"5,446"
CENSUS,1997,JONES,AG LAND,"35,703"
CENSUS,1997,JONES,AG LAND,"4,403"
CENSUS,1997,LENOIR,AG LAND,"15,981"
CENSUS,1997,LENOIR,AG LAND,"62,743"
CENSUS,1997,LENOIR,AG LAND,"22,649"
CENSUS,1997,PAMLICO,AG LAND,"2,525"
CENSUS,1997,PAMLICO,AG LAND,"36,608"
CENSUS,1997,PAMLICO,AG LAND,"3,668"
CENSUS,1997,PITT,AG LAND,"13,973"
CENSUS,1997,PITT,AG LAND,"89,106"
CENSUS,1997,PITT,AG LAND,"27,945"
CENSUS,1997,WAYNE,AG LAND,"17,916"
CENSUS,1997,WAYNE,AG LAND,"90,865"
CENSUS,1997,WAYNE,AG LAND,"25,306"
CENSUS,1997,WILSON,AG LAND,"7,522"
CENSUS,1997,WILSON,AG LAND,"56,861"
CENSUS,1997,WILSON,AG LAND,"19,566"
CENSUS,1997,ALEXANDER,AG LAND,"5,690"
CENSUS,1997,ALEXANDER,AG LAND,"11,464"
CENSUS,1997,ALEXANDER,AG LAND,743
CENSUS,1997,CATAWBA,AG LAND,"6,527"
CENSUS,1997,CATAWBA,AG LAND,"17,656"
CENSUS,1997,CATAWBA,AG LAND,"1,903"
CENSUS,1997,CHATHAM,AG LAND,"8,130"
CENSUS,1997,CHATHAM,AG LAND,"13,578"
CENSUS,1997,CHATHAM,AG LAND,816
CENSUS,1997,DAVIDSON,AG LAND,"9,181"
CENSUS,1997,DAVIDSON,AG LAND,"24,521"
CENSUS,1997,DAVIDSON,AG LAND,"1,040"
CENSUS,1997,DAVIE,AG LAND,"6,673"
CENSUS,1997,DAVIE,AG LAND,"13,128"
CENSUS,1997,DAVIE,AG LAND,"5,152"
CENSUS,1997,IREDELL,AG LAND,"15,140"
CENSUS,1997,IREDELL,AG LAND,"40,973"
CENSUS,1997,IREDELL,AG LAND,"2,779"
CENSUS,1997,LEE,AG LAND,"2,569"
CENSUS,1997,LEE,AG LAND,"9,617"
CENSUS,1997,LEE,AG LAND,"1,012"
CENSUS,1997,RANDOLPH,AG LAND,"12,515"
CENSUS,1997,RANDOLPH,AG LAND,"26,473"
CENSUS,1997,RANDOLPH,AG LAND,"1,339"
CENSUS,1997,ROWAN,AG LAND,"10,742"
CENSUS,1997,ROWAN,AG LAND,"29,352"
CENSUS,1997,ROWAN,AG LAND,"2,394"
CENSUS,1997,WAKE,AG LAND,"8,759"
CENSUS,1997,WAKE,AG LAND,"24,135"
CENSUS,1997,WAKE,AG LAND,"4,382"
CENSUS,1997,BERTIE,AG LAND,"10,346"
CENSUS,1997,BERTIE,AG LAND,"64,589"
CENSUS,1997,BERTIE,AG LAND,"13,979"
CENSUS,1997,CAMDEN,AG LAND,"1,953"
CENSUS,1997,CAMDEN,AG LAND,"35,133"
CENSUS,1997,CAMDEN,AG LAND,"10,655"
CENSUS,1997,CHOWAN,AG LAND,"5,815"
CENSUS,1997,CHOWAN,AG LAND,"25,284"
CENSUS,1997,CHOWAN,AG LAND,"5,985"
CENSUS,1997,CURRITUCK,AG LAND,"6,587"
CENSUS,1997,CURRITUCK,AG LAND,"18,650"
CENSUS,1997,CURRITUCK,AG LAND,"7,537"
CENSUS,1997,DARE,AG LAND, (D)
CENSUS,1997,DARE,AG LAND, (D)
CENSUS,1997,DARE,AG LAND, (D)
CENSUS,1997,EDGECOMBE,AG LAND,"8,303"
CENSUS,1997,EDGECOMBE,AG LAND,"85,883"
CENSUS,1997,EDGECOMBE,AG LAND,"10,077"
CENSUS,1997,GATES,AG LAND,"2,466"
CENSUS,1997,GATES,AG LAND,"42,681"
CENSUS,1997,GATES,AG LAND,"1,828"
CENSUS,1997,HALIFAX,AG LAND,"15,845"
CENSUS,1997,HALIFAX,AG LAND,"81,558"
CENSUS,1997,HALIFAX,AG LAND,"7,368"
CENSUS,1997,HERTFORD,AG LAND,"6,668"
CENSUS,1997,HERTFORD,AG LAND,"30,066"
CENSUS,1997,HERTFORD,AG LAND,"14,011"
CENSUS,1997,MARTIN,AG LAND,"9,865"
CENSUS,1997,MARTIN,AG LAND,"52,535"
CENSUS,1997,MARTIN,AG LAND,"12,633"
CENSUS,1997,NASH,AG LAND,"12,784"
CENSUS,1997,NASH,AG LAND,"69,661"
CENSUS,1997,NASH,AG LAND,"8,781"
CENSUS,1997,NORTHAMPTON,AG LAND,"12,372"
CENSUS,1997,NORTHAMPTON,AG LAND,"75,527"
CENSUS,1997,NORTHAMPTON,AG LAND,"9,577"
CENSUS,1997,PASQUOTANK,AG LAND,"16,193"
CENSUS,1997,PASQUOTANK,AG LAND,"52,095"
CENSUS,1997,PASQUOTANK,AG LAND,"9,556"
CENSUS,1997,PERQUIMANS,AG LAND,"11,092"
CENSUS,1997,PERQUIMANS,AG LAND,"45,000"
CENSUS,1997,PERQUIMANS,AG LAND,"12,060"
CENSUS,1997,TYRRELL,AG LAND,"10,348"
CENSUS,1997,TYRRELL,AG LAND,"26,189"
CENSUS,1997,TYRRELL,AG LAND,"13,882"
CENSUS,1997,WASHINGTON,AG LAND,"26,239"
CENSUS,1997,WASHINGTON,AG LAND,"49,434"
CENSUS,1997,WASHINGTON,AG LAND,"11,904"
CENSUS,1997,ALLEGHANY,AG LAND,"6,928"
CENSUS,1997,ALLEGHANY,AG LAND,"10,930"
CENSUS,1997,ALLEGHANY,AG LAND,840
CENSUS,1997,ASHE,AG LAND,"8,048"
CENSUS,1997,ASHE,AG LAND,"9,710"
CENSUS,1997,ASHE,AG LAND,729
CENSUS,1997,AVERY,AG LAND,"4,542"
CENSUS,1997,AVERY,AG LAND,"5,137"
CENSUS,1997,AVERY,AG LAND,607
CENSUS,1997,CALDWELL,AG LAND,"4,053"
CENSUS,1997,CALDWELL,AG LAND,"6,052"
CENSUS,1997,CALDWELL,AG LAND,843
CENSUS,1997,SURRY,AG LAND,"10,032"
CENSUS,1997,SURRY,AG LAND,"28,455"
CENSUS,1997,SURRY,AG LAND,"1,729"
CENSUS,1997,WATAUGA,AG LAND,"4,773"
CENSUS,1997,WATAUGA,AG LAND,"3,592"
CENSUS,1997,WATAUGA,AG LAND,"1,073"
CENSUS,1997,WILKES,AG LAND,"9,003"
CENSUS,1997,WILKES,AG LAND,"21,663"
CENSUS,1997,WILKES,AG LAND,834
CENSUS,1997,YADKIN,AG LAND,"10,894"
CENSUS,1997,YADKIN,AG LAND,"30,740"
CENSUS,1997,YADKIN,AG LAND,"2,688"
CENSUS,1997,ALAMANCE,AG LAND,"10,518"
CENSUS,1997,ALAMANCE,AG LAND,"15,732"
CENSUS,1997,ALAMANCE,AG LAND,"2,274"
CENSUS,1997,CASWELL,AG LAND,"5,894"
CENSUS,1997,CASWELL,AG LAND,"15,626"
CENSUS,1997,CASWELL,AG LAND,"1,098"
CENSUS,1997,DURHAM,AG LAND,"1,819"
CENSUS,1997,DURHAM,AG LAND,"2,774"
CENSUS,1997,DURHAM,AG LAND,561
CENSUS,1997,FORSYTH,AG LAND,"8,700"
CENSUS,1997,FORSYTH,AG LAND,"8,728"
CENSUS,1997,FORSYTH,AG LAND,"2,387"
CENSUS,1997,FRANKLIN,AG LAND,"11,579"
CENSUS,1997,FRANKLIN,AG LAND,"30,018"
CENSUS,1997,FRANKLIN,AG LAND,"3,744"
CENSUS,1997,GRANVILLE,AG LAND,"7,798"
CENSUS,1997,GRANVILLE,AG LAND,"16,671"
CENSUS,1997,GRANVILLE,AG LAND,"4,219"
CENSUS,1997,GUILFORD,AG LAND,"8,263"
CENSUS,1997,GUILFORD,AG LAND,"24,741"
CENSUS,1997,GUILFORD,AG LAND,"3,949"
CENSUS,1997,ORANGE,AG LAND,"6,773"
CENSUS,1997,ORANGE,AG LAND,"14,621"
CENSUS,1997,ORANGE,AG LAND,979
CENSUS,1997,PERSON,AG LAND,"8,694"
CENSUS,1997,PERSON,AG LAND,"20,574"
CENSUS,1997,PERSON,AG LAND,"2,548"
CENSUS,1997,ROCKINGHAM,AG LAND,"8,147"
CENSUS,1997,ROCKINGHAM,AG LAND,"18,765"
CENSUS,1997,ROCKINGHAM,AG LAND,"2,112"
CENSUS,1997,STOKES,AG LAND,"6,965"
CENSUS,1997,STOKES,AG LAND,"12,627"
CENSUS,1997,STOKES,AG LAND,"1,419"
CENSUS,1997,VANCE,AG LAND,"2,823"
CENSUS,1997,VANCE,AG LAND,"10,621"
CENSUS,1997,VANCE,AG LAND,"1,737"
CENSUS,1997,WARREN,AG LAND,"4,005"
CENSUS,1997,WARREN,AG LAND,"13,710"
CENSUS,1997,WARREN,AG LAND,"1,135"
CENSUS,1997,BLADEN,AG LAND,"22,629"
CENSUS,1997,BLADEN,AG LAND,"32,587"
CENSUS,1997,BLADEN,AG LAND,"6,775"
CENSUS,1997,BRUNSWICK,AG LAND,"3,041"
CENSUS,1997,BRUNSWICK,AG LAND,"14,122"
CENSUS,1997,BRUNSWICK,AG LAND,"1,971"
CENSUS,1997,COLUMBUS,AG LAND,"22,225"
CENSUS,1997,COLUMBUS,AG LAND,"66,568"
CENSUS,1997,COLUMBUS,AG LAND,"9,747"
CENSUS,1997,CUMBERLAND,AG LAND,"15,577"
CENSUS,1997,CUMBERLAND,AG LAND,"27,375"
CENSUS,1997,CUMBERLAND,AG LAND,"2,902"
CENSUS,1997,DUPLIN,AG LAND,"33,062"
CENSUS,1997,DUPLIN,AG LAND,"89,390"
CENSUS,1997,DUPLIN,AG LAND,"14,104"
CENSUS,1997,HARNETT,AG LAND,"6,060"
CENSUS,1997,HARNETT,AG LAND,"40,788"
CENSUS,1997,HARNETT,AG LAND,"5,519"
CENSUS,1997,HOKE,AG LAND,"4,987"
CENSUS,1997,HOKE,AG LAND,"26,140"
CENSUS,1997,HOKE,AG LAND,"5,573"
CENSUS,1997,NEW HANOVER,AG LAND,"1,130"
CENSUS,1997,NEW HANOVER,AG LAND, (D)
CENSUS,1997,NEW HANOVER,AG LAND, (D)
CENSUS,1997,ONSLOW,AG LAND,"6,467"
CENSUS,1997,ONSLOW,AG LAND,"25,817"
CENSUS,1997,ONSLOW,AG LAND,"3,278"
CENSUS,1997,PENDER,AG LAND,"5,586"
CENSUS,1997,PENDER,AG LAND,"25,479"
CENSUS,1997,PENDER,AG LAND,"3,397"
CENSUS,1997,ROBESON,AG LAND,"31,962"
CENSUS,1997,ROBESON,AG LAND,"145,599"
CENSUS,1997,ROBESON,AG LAND,"23,039"
CENSUS,1997,SAMPSON,AG LAND,"21,074"
CENSUS,1997,SAMPSON,AG LAND,"125,106"
CENSUS,1997,SAMPSON,AG LAND,"13,600"
CENSUS,1997,SCOTLAND,AG LAND,"2,967"
CENSUS,1997,SCOTLAND,AG LAND,"22,787"
CENSUS,1997,SCOTLAND,AG LAND,"5,459"
CENSUS,1997,ANSON,AG LAND,"3,740"
CENSUS,1997,ANSON,AG LAND,"14,617"
CENSUS,1997,ANSON,AG LAND,846
CENSUS,1997,CABARRUS,AG LAND,"6,877"
CENSUS,1997,CABARRUS,AG LAND,"15,342"
CENSUS,1997,CABARRUS,AG LAND,"1,238"
CENSUS,1997,CLEVELAND,AG LAND,"9,254"
CENSUS,1997,CLEVELAND,AG LAND,"18,050"
CENSUS,1997,CLEVELAND,AG LAND,"2,499"
CENSUS,1997,GASTON,AG LAND,"5,106"
CENSUS,1997,GASTON,AG LAND,"4,942"
CENSUS,1997,GASTON,AG LAND,885
CENSUS,1997,LINCOLN,AG LAND,"6,595"
CENSUS,1997,LINCOLN,AG LAND,"16,245"
CENSUS,1997,LINCOLN,AG LAND,574
CENSUS,1997,MECKLENBURG,AG LAND,"2,423"
CENSUS,1997,MECKLENBURG,AG LAND,"6,316"
CENSUS,1997,MECKLENBURG,AG LAND,680
CENSUS,1997,MONTGOMERY,AG LAND,"2,335"
CENSUS,1997,MONTGOMERY,AG LAND,"4,104"
CENSUS,1997,MONTGOMERY,AG LAND,32
CENSUS,1997,MOORE,AG LAND,"4,970"
CENSUS,1997,MOORE,AG LAND,"12,312"
CENSUS,1997,MOORE,AG LAND,"1,042"
CENSUS,1997,RICHMOND,AG LAND,"3,469"
CENSUS,1997,RICHMOND,AG LAND,"11,834"
CENSUS,1997,RICHMOND,AG LAND,"1,925"
CENSUS,1997,STANLY,AG LAND,"5,816"
CENSUS,1997,STANLY,AG LAND,"41,751"
CENSUS,1997,STANLY,AG LAND,"2,922"
CENSUS,1997,UNION,AG LAND,"15,852"
CENSUS,1997,UNION,AG LAND,"81,570"
CENSUS,1997,UNION,AG LAND,"6,031"
CENSUS,1997,BUNCOMBE,AG LAND,"6,287"
CENSUS,1997,BUNCOMBE,AG LAND,"8,717"
CENSUS,1997,BUNCOMBE,AG LAND,968
CENSUS,1997,BURKE,AG LAND,"2,863"
CENSUS,1997,BURKE,AG LAND,"5,260"
CENSUS,1997,BURKE,AG LAND,676
CENSUS,1997,CHEROKEE,AG LAND,"1,742"
CENSUS,1997,CHEROKEE,AG LAND,"2,754"
CENSUS,1997,CHEROKEE,AG LAND,256
CENSUS,1997,CLAY,AG LAND,"1,282"
CENSUS,1997,CLAY,AG LAND,"2,515"
CENSUS,1997,CLAY,AG LAND,142
CENSUS,1997,GRAHAM,AG LAND,371
CENSUS,1997,GRAHAM,AG LAND,413
CENSUS,1997,GRAHAM,AG LAND,32
CENSUS,1997,HAYWOOD,AG LAND,"3,368"
CENSUS,1997,HAYWOOD,AG LAND,"7,119"
CENSUS,1997,HAYWOOD,AG LAND,604
CENSUS,1997,HENDERSON,AG LAND,"5,733"
CENSUS,1997,HENDERSON,AG LAND,"15,370"
CENSUS,1997,HENDERSON,AG LAND,"1,603"
CENSUS,1997,JACKSON,AG LAND, (D)
CENSUS,1997,JACKSON,AG LAND,"2,170"
CENSUS,1997,JACKSON,AG LAND, (D)
CENSUS,1997,MACON,AG LAND,"1,753"
CENSUS,1997,MACON,AG LAND,"2,574"
CENSUS,1997,MACON,AG LAND,249
CENSUS,1997,MADISON,AG LAND,"4,230"
CENSUS,1997,MADISON,AG LAND,"3,087"
CENSUS,1997,MADISON,AG LAND,426
CENSUS,1997,MCDOWELL,AG LAND,"1,423"
CENSUS,1997,MCDOWELL,AG LAND,"4,101"
CENSUS,1997,MCDOWELL,AG LAND,354
CENSUS,1997,MITCHELL,AG LAND,"2,276"
CENSUS,1997,MITCHELL,AG LAND,"1,625"
CENSUS,1997,MITCHELL,AG LAND,88
CENSUS,1997,POLK,AG LAND,"2,141"
CENSUS,1997,POLK,AG LAND,"3,171"
CENSUS,1997,POLK,AG LAND,34
CENSUS,1997,RUTHERFORD,AG LAND,"5,711"
CENSUS,1997,RUTHERFORD,AG LAND,"7,954"
CENSUS,1997,RUTHERFORD,AG LAND,668
CENSUS,1997,SWAIN,AG LAND,359
CENSUS,1997,SWAIN,AG LAND,410
CENSUS,1997,SWAIN,AG LAND,248
CENSUS,1997,TRANSYLVANIA,AG LAND,"1,071"
CENSUS,1997,TRANSYLVANIA,AG LAND,"2,124"
CENSUS,1997,TRANSYLVANIA,AG LAND,201
CENSUS,1997,YANCEY,AG LAND,"2,202"
CENSUS,1997,YANCEY,AG LAND,"2,185"
CENSUS,1997,YANCEY,AG LAND,262