year,state_name,county_name,commodity_desc,statisticcat_desc,unit_desc,Value
1998,NORTH CAROLINA,ALAMANCE,CORN,PRODUCTION,BU,112000
1998,NORTH CAROLINA,ALAMANCE,CORN,PRODUCTION,TONS,22400
1998,NORTH CAROLINA,ALAMANCE,HAY,PRODUCTION,TONS,37300
1998,NORTH CAROLINA,ALAMANCE,OATS,PRODUCTION,BU,16000
1998,NORTH CAROLINA,ALAMANCE,SOYBEANS,PRODUCTION,BU,51400
1998,NORTH CAROLINA,ALAMANCE,TOBACCO,PRODUCTION,LB,5309000
1998,NORTH CAROLINA,ALAMANCE,WHEAT,PRODUCTION,BU,158500
1998,NORTH CAROLINA,ALAMANCE,WHEAT,PRODUCTION,BU,158500
1998,NORTH CAROLINA,ALEXANDER,BARLEY,PRODUCTION,BU,34600
1998,NORTH CAROLINA,ALEXANDER,CORN,PRODUCTION,BU,62000
1998,NORTH CAROLINA,ALEXANDER,CORN,PRODUCTION,TONS,20400
1998,NORTH CAROLINA,ALEXANDER,HAY,PRODUCTION,TONS,28000
1998,NORTH CAROLINA,ALEXANDER,SOYBEANS,PRODUCTION,BU,26500
1998,NORTH CAROLINA,ALEXANDER,TOBACCO,PRODUCTION,LB,1402000
1998,NORTH CAROLINA,ALEXANDER,WHEAT,PRODUCTION,BU,21000
1998,NORTH CAROLINA,ALEXANDER,WHEAT,PRODUCTION,BU,21000
1998,NORTH CAROLINA,ALLEGHANY,CORN,PRODUCTION,BU,37000
1998,NORTH CAROLINA,ALLEGHANY,CORN,PRODUCTION,TONS,35000
1998,NORTH CAROLINA,ALLEGHANY,HAY,PRODUCTION,TONS,37000
1998,NORTH CAROLINA,ALLEGHANY,TOBACCO,PRODUCTION,LB,651000
1998,NORTH CAROLINA,ALLEGHANY,WHEAT,PRODUCTION,BU,8000
1998,NORTH CAROLINA,ALLEGHANY,WHEAT,PRODUCTION,BU,8000
1998,NORTH CAROLINA,ANSON,CORN,PRODUCTION,BU,360000
1998,NORTH CAROLINA,ANSON,COTTON,PRODUCTION,480 LB BALES,5000
1998,NORTH CAROLINA,ANSON,HAY,PRODUCTION,TONS,12200
1998,NORTH CAROLINA,ANSON,OATS,PRODUCTION,BU,14000
1998,NORTH CAROLINA,ANSON,SOYBEANS,PRODUCTION,BU,302000
1998,NORTH CAROLINA,ANSON,TOBACCO,PRODUCTION,LB,124000
1998,NORTH CAROLINA,ANSON,WHEAT,PRODUCTION,BU,114000
1998,NORTH CAROLINA,ANSON,WHEAT,PRODUCTION,BU,114000
1998,NORTH CAROLINA,ASHE,CORN,PRODUCTION,TONS,2700
1998,NORTH CAROLINA,ASHE,HAY,PRODUCTION,TONS,25700
1998,NORTH CAROLINA,ASHE,TOBACCO,PRODUCTION,LB,1235000
1998,NORTH CAROLINA,AVERY,HAY,PRODUCTION,TONS,2400
1998,NORTH CAROLINA,AVERY,TOBACCO,PRODUCTION,LB,212000
1998,NORTH CAROLINA,BEAUFORT,CORN,PRODUCTION,BU,4535000
1998,NORTH CAROLINA,BEAUFORT,COTTON,PRODUCTION,480 LB BALES,15000
1998,NORTH CAROLINA,BEAUFORT,HAY,PRODUCTION,TONS,900
1998,NORTH CAROLINA,BEAUFORT,OATS,PRODUCTION,BU,78000
1998,NORTH CAROLINA,BEAUFORT,PEANUTS,PRODUCTION,LB,659000
1998,NORTH CAROLINA,BEAUFORT,POTATOES,PRODUCTION,CWT,33200
1998,NORTH CAROLINA,BEAUFORT,SORGHUM,PRODUCTION,BU,9600
1998,NORTH CAROLINA,BEAUFORT,SOYBEANS,PRODUCTION,BU,2288000
1998,NORTH CAROLINA,BEAUFORT,TOBACCO,PRODUCTION,LB,9749000
1998,NORTH CAROLINA,BEAUFORT,WHEAT,PRODUCTION,BU,2272000
1998,NORTH CAROLINA,BEAUFORT,WHEAT,PRODUCTION,BU,2272000
1998,NORTH CAROLINA,BERTIE,CORN,PRODUCTION,BU,1859000
1998,NORTH CAROLINA,BERTIE,COTTON,PRODUCTION,480 LB BALES,55000
1998,NORTH CAROLINA,BERTIE,PEANUTS,PRODUCTION,LB,51448000
1998,NORTH CAROLINA,BERTIE,SOYBEANS,PRODUCTION,BU,586000
1998,NORTH CAROLINA,BERTIE,TOBACCO,PRODUCTION,LB,6893000
1998,NORTH CAROLINA,BERTIE,WHEAT,PRODUCTION,BU,155000
1998,NORTH CAROLINA,BERTIE,WHEAT,PRODUCTION,BU,155000
1998,NORTH CAROLINA,BLADEN,CORN,PRODUCTION,BU,1587000
1998,NORTH CAROLINA,BLADEN,COTTON,PRODUCTION,480 LB BALES,10000
1998,NORTH CAROLINA,BLADEN,HAY,PRODUCTION,TONS,17000
1998,NORTH CAROLINA,BLADEN,OATS,PRODUCTION,BU,10000
1998,NORTH CAROLINA,BLADEN,PEANUTS,PRODUCTION,LB,10079000
1998,NORTH CAROLINA,BLADEN,SOYBEANS,PRODUCTION,BU,555000
1998,NORTH CAROLINA,BLADEN,TOBACCO,PRODUCTION,LB,7308000
1998,NORTH CAROLINA,BLADEN,WHEAT,PRODUCTION,BU,234000
1998,NORTH CAROLINA,BLADEN,WHEAT,PRODUCTION,BU,234000
1998,NORTH CAROLINA,BRUNSWICK,CORN,PRODUCTION,BU,334000
1998,NORTH CAROLINA,BRUNSWICK,COTTON,PRODUCTION,480 LB BALES,700
1998,NORTH CAROLINA,BRUNSWICK,HAY,PRODUCTION,TONS,4600
1998,NORTH CAROLINA,BRUNSWICK,SORGHUM,PRODUCTION,BU,22800
1998,NORTH CAROLINA,BRUNSWICK,SOYBEANS,PRODUCTION,BU,246000
1998,NORTH CAROLINA,BRUNSWICK,TOBACCO,PRODUCTION,LB,2888000
1998,NORTH CAROLINA,BRUNSWICK,WHEAT,PRODUCTION,BU,68500
1998,NORTH CAROLINA,BRUNSWICK,WHEAT,PRODUCTION,BU,68500
1998,NORTH CAROLINA,BUNCOMBE,CORN,PRODUCTION,BU,23700
1998,NORTH CAROLINA,BUNCOMBE,CORN,PRODUCTION,TONS,35500
1998,NORTH CAROLINA,BUNCOMBE,HAY,PRODUCTION,TONS,24200
1998,NORTH CAROLINA,BUNCOMBE,TOBACCO,PRODUCTION,LB,1601000
1998,NORTH CAROLINA,BURKE,CORN,PRODUCTION,BU,157000
1998,NORTH CAROLINA,BURKE,CORN,PRODUCTION,TONS,7100
1998,NORTH CAROLINA,BURKE,HAY,PRODUCTION,TONS,10100
1998,NORTH CAROLINA,BURKE,SOYBEANS,PRODUCTION,BU,8500
1998,NORTH CAROLINA,BURKE,WHEAT,PRODUCTION,BU,7800
1998,NORTH CAROLINA,BURKE,WHEAT,PRODUCTION,BU,7800
1998,NORTH CAROLINA,CABARRUS,BARLEY,PRODUCTION,BU,38700
1998,NORTH CAROLINA,CABARRUS,CORN,PRODUCTION,BU,85000
1998,NORTH CAROLINA,CABARRUS,CORN,PRODUCTION,TONS,3400
1998,NORTH CAROLINA,CABARRUS,COTTON,PRODUCTION,480 LB BALES,500
1998,NORTH CAROLINA,CABARRUS,HAY,PRODUCTION,TONS,28200
1998,NORTH CAROLINA,CABARRUS,OATS,PRODUCTION,BU,18000
1998,NORTH CAROLINA,CABARRUS,SORGHUM,PRODUCTION,BU,25000
1998,NORTH CAROLINA,CABARRUS,SOYBEANS,PRODUCTION,BU,137000
1998,NORTH CAROLINA,CABARRUS,WHEAT,PRODUCTION,BU,127000
1998,NORTH CAROLINA,CABARRUS,WHEAT,PRODUCTION,BU,127000
1998,NORTH CAROLINA,CALDWELL,BARLEY,PRODUCTION,BU,11500
1998,NORTH CAROLINA,CALDWELL,CORN,PRODUCTION,BU,98400
1998,NORTH CAROLINA,CALDWELL,CORN,PRODUCTION,TONS,7500
1998,NORTH CAROLINA,CALDWELL,HAY,PRODUCTION,TONS,10600
1998,NORTH CAROLINA,CALDWELL,SOYBEANS,PRODUCTION,BU,17000
1998,NORTH CAROLINA,CALDWELL,TOBACCO,PRODUCTION,LB,594000
1998,NORTH CAROLINA,CALDWELL,WHEAT,PRODUCTION,BU,16400
1998,NORTH CAROLINA,CALDWELL,WHEAT,PRODUCTION,BU,16400
1998,NORTH CAROLINA,CAMDEN,BARLEY,PRODUCTION,BU,11200
1998,NORTH CAROLINA,CAMDEN,CORN,PRODUCTION,BU,1680000
1998,NORTH CAROLINA,CAMDEN,COTTON,PRODUCTION,480 LB BALES,1500
1998,NORTH CAROLINA,CAMDEN,POTATOES,PRODUCTION,CWT,536800
1998,NORTH CAROLINA,CAMDEN,SOYBEANS,PRODUCTION,BU,910000
1998,NORTH CAROLINA,CAMDEN,WHEAT,PRODUCTION,BU,565000
1998,NORTH CAROLINA,CAMDEN,WHEAT,PRODUCTION,BU,565000
1998,NORTH CAROLINA,CARTERET,CORN,PRODUCTION,BU,1100000
1998,NORTH CAROLINA,CARTERET,COTTON,PRODUCTION,480 LB BALES,4000
1998,NORTH CAROLINA,CARTERET,POTATOES,PRODUCTION,CWT,109300
1998,NORTH CAROLINA,CARTERET,SORGHUM,PRODUCTION,BU,7700
1998,NORTH CAROLINA,CARTERET,SOYBEANS,PRODUCTION,BU,483000
1998,NORTH CAROLINA,CARTERET,TOBACCO,PRODUCTION,LB,698000
1998,NORTH CAROLINA,CARTERET,WHEAT,PRODUCTION,BU,259000
1998,NORTH CAROLINA,CARTERET,WHEAT,PRODUCTION,BU,259000
1998,NORTH CAROLINA,CASWELL,CORN,PRODUCTION,BU,73200
1998,NORTH CAROLINA,CASWELL,CORN,PRODUCTION,TONS,3600
1998,NORTH CAROLINA,CASWELL,HAY,PRODUCTION,TONS,31000
1998,NORTH CAROLINA,CASWELL,OATS,PRODUCTION,BU,16000
1998,NORTH CAROLINA,CASWELL,SORGHUM,PRODUCTION,BU,9300
1998,NORTH CAROLINA,CASWELL,SOYBEANS,PRODUCTION,BU,18000
1998,NORTH CAROLINA,CASWELL,TOBACCO,PRODUCTION,LB,10401000
1998,NORTH CAROLINA,CASWELL,WHEAT,PRODUCTION,BU,108000
1998,NORTH CAROLINA,CASWELL,WHEAT,PRODUCTION,BU,108000
1998,NORTH CAROLINA,CATAWBA,BARLEY,PRODUCTION,BU,43600
1998,NORTH CAROLINA,CATAWBA,CORN,PRODUCTION,BU,79000
1998,NORTH CAROLINA,CATAWBA,CORN,PRODUCTION,TONS,7600
1998,NORTH CAROLINA,CATAWBA,HAY,PRODUCTION,TONS,28700
1998,NORTH CAROLINA,CATAWBA,OATS,PRODUCTION,BU,16000
1998,NORTH CAROLINA,CATAWBA,SOYBEANS,PRODUCTION,BU,97500
1998,NORTH CAROLINA,CATAWBA,WHEAT,PRODUCTION,BU,198000
1998,NORTH CAROLINA,CATAWBA,WHEAT,PRODUCTION,BU,198000
1998,NORTH CAROLINA,CHATHAM,BARLEY,PRODUCTION,BU,11400
1998,NORTH CAROLINA,CHATHAM,CORN,PRODUCTION,BU,102000
1998,NORTH CAROLINA,CHATHAM,CORN,PRODUCTION,TONS,15000
1998,NORTH CAROLINA,CHATHAM,HAY,PRODUCTION,TONS,35700
1998,NORTH CAROLINA,CHATHAM,SOYBEANS,PRODUCTION,BU,23200
1998,NORTH CAROLINA,CHATHAM,TOBACCO,PRODUCTION,LB,1881000
1998,NORTH CAROLINA,CHATHAM,WHEAT,PRODUCTION,BU,39000
1998,NORTH CAROLINA,CHATHAM,WHEAT,PRODUCTION,BU,39000
1998,NORTH CAROLINA,CHEROKEE,CORN,PRODUCTION,BU,36200
1998,NORTH CAROLINA,CHEROKEE,CORN,PRODUCTION,TONS,3900
1998,NORTH CAROLINA,CHEROKEE,HAY,PRODUCTION,TONS,8100
1998,NORTH CAROLINA,CHEROKEE,SOYBEANS,PRODUCTION,BU,7300
1998,NORTH CAROLINA,CHEROKEE,TOBACCO,PRODUCTION,LB,152000
1998,NORTH CAROLINA,CHOWAN,CORN,PRODUCTION,BU,555000
1998,NORTH CAROLINA,CHOWAN,COTTON,PRODUCTION,480 LB BALES,31000
1998,NORTH CAROLINA,CHOWAN,PEANUTS,PRODUCTION,LB,20845000
1998,NORTH CAROLINA,CHOWAN,SORGHUM,PRODUCTION,BU,17700
1998,NORTH CAROLINA,CHOWAN,SOYBEANS,PRODUCTION,BU,306000
1998,NORTH CAROLINA,CHOWAN,SWEET POTATOES,PRODUCTION,CWT,47900
1998,NORTH CAROLINA,CHOWAN,TOBACCO,PRODUCTION,LB,685000
1998,NORTH CAROLINA,CHOWAN,WHEAT,PRODUCTION,BU,140000
1998,NORTH CAROLINA,CHOWAN,WHEAT,PRODUCTION,BU,140000
1998,NORTH CAROLINA,CLAY,CORN,PRODUCTION,BU,34100
1998,NORTH CAROLINA,CLAY,CORN,PRODUCTION,TONS,2500
1998,NORTH CAROLINA,CLAY,HAY,PRODUCTION,TONS,8600
1998,NORTH CAROLINA,CLAY,SOYBEANS,PRODUCTION,BU,6400
1998,NORTH CAROLINA,CLAY,TOBACCO,PRODUCTION,LB,116000
1998,NORTH CAROLINA,CLEVELAND,BARLEY,PRODUCTION,BU,52900
1998,NORTH CAROLINA,CLEVELAND,CORN,PRODUCTION,BU,83500
1998,NORTH CAROLINA,CLEVELAND,CORN,PRODUCTION,TONS,15800
1998,NORTH CAROLINA,CLEVELAND,COTTON,PRODUCTION,480 LB BALES,4000
1998,NORTH CAROLINA,CLEVELAND,HAY,PRODUCTION,TONS,29200
1998,NORTH CAROLINA,CLEVELAND,OATS,PRODUCTION,BU,19000
1998,NORTH CAROLINA,CLEVELAND,SORGHUM,PRODUCTION,BU,7900
1998,NORTH CAROLINA,CLEVELAND,SOYBEANS,PRODUCTION,BU,224000
1998,NORTH CAROLINA,CLEVELAND,WHEAT,PRODUCTION,BU,312500
1998,NORTH CAROLINA,CLEVELAND,WHEAT,PRODUCTION,BU,312500
1998,NORTH CAROLINA,COLUMBUS,CORN,PRODUCTION,BU,1473000
1998,NORTH CAROLINA,COLUMBUS,COTTON,PRODUCTION,480 LB BALES,3500
1998,NORTH CAROLINA,COLUMBUS,HAY,PRODUCTION,TONS,10700
1998,NORTH CAROLINA,COLUMBUS,OATS,PRODUCTION,BU,13000
1998,NORTH CAROLINA,COLUMBUS,PEANUTS,PRODUCTION,LB,2972000
1998,NORTH CAROLINA,COLUMBUS,POTATOES,PRODUCTION,CWT,67500
1998,NORTH CAROLINA,COLUMBUS,SOYBEANS,PRODUCTION,BU,1184000
1998,NORTH CAROLINA,COLUMBUS,SWEET POTATOES,PRODUCTION,CWT,224000
1998,NORTH CAROLINA,COLUMBUS,TOBACCO,PRODUCTION,LB,19287000
1998,NORTH CAROLINA,COLUMBUS,WHEAT,PRODUCTION,BU,468500
1998,NORTH CAROLINA,COLUMBUS,WHEAT,PRODUCTION,BU,468500
1998,NORTH CAROLINA,CRAVEN,CORN,PRODUCTION,BU,970000
1998,NORTH CAROLINA,CRAVEN,COTTON,PRODUCTION,480 LB BALES,24000
1998,NORTH CAROLINA,CRAVEN,HAY,PRODUCTION,TONS,2600
1998,NORTH CAROLINA,CRAVEN,PEANUTS,PRODUCTION,LB,114000
1998,NORTH CAROLINA,CRAVEN,SOYBEANS,PRODUCTION,BU,616000
1998,NORTH CAROLINA,CRAVEN,TOBACCO,PRODUCTION,LB,9257000
1998,NORTH CAROLINA,CRAVEN,WHEAT,PRODUCTION,BU,221000
1998,NORTH CAROLINA,CRAVEN,WHEAT,PRODUCTION,BU,221000
1998,NORTH CAROLINA,CUMBERLAND,CORN,PRODUCTION,BU,405000
1998,NORTH CAROLINA,CUMBERLAND,COTTON,PRODUCTION,480 LB BALES,9000
1998,NORTH CAROLINA,CUMBERLAND,HAY,PRODUCTION,TONS,11000
1998,NORTH CAROLINA,CUMBERLAND,OATS,PRODUCTION,BU,53000
1998,NORTH CAROLINA,CUMBERLAND,PEANUTS,PRODUCTION,LB,380000
1998,NORTH CAROLINA,CUMBERLAND,SOYBEANS,PRODUCTION,BU,476000
1998,NORTH CAROLINA,CUMBERLAND,SWEET POTATOES,PRODUCTION,CWT,128300
1998,NORTH CAROLINA,CUMBERLAND,TOBACCO,PRODUCTION,LB,5578000
1998,NORTH CAROLINA,CUMBERLAND,WHEAT,PRODUCTION,BU,260000
1998,NORTH CAROLINA,CUMBERLAND,WHEAT,PRODUCTION,BU,260000
1998,NORTH CAROLINA,CURRITUCK,CORN,PRODUCTION,BU,1185000
1998,NORTH CAROLINA,CURRITUCK,COTTON,PRODUCTION,480 LB BALES,2000
1998,NORTH CAROLINA,CURRITUCK,PEANUTS,PRODUCTION,LB,194000
1998,NORTH CAROLINA,CURRITUCK,POTATOES,PRODUCTION,CWT,173800
1998,NORTH CAROLINA,CURRITUCK,SOYBEANS,PRODUCTION,BU,528000
1998,NORTH CAROLINA,CURRITUCK,WHEAT,PRODUCTION,BU,655000
1998,NORTH CAROLINA,CURRITUCK,WHEAT,PRODUCTION,BU,655000
1998,NORTH CAROLINA,DARE,SOYBEANS,PRODUCTION,BU,95000
1998,NORTH CAROLINA,DARE,WHEAT,PRODUCTION,BU,7000
1998,NORTH CAROLINA,DARE,WHEAT,PRODUCTION,BU,7000
1998,NORTH CAROLINA,DAVIDSON,BARLEY,PRODUCTION,BU,92600
1998,NORTH CAROLINA,DAVIDSON,CORN,PRODUCTION,BU,318000
1998,NORTH CAROLINA,DAVIDSON,CORN,PRODUCTION,TONS,13100
1998,NORTH CAROLINA,DAVIDSON,COTTON,PRODUCTION,480 LB BALES,600
1998,NORTH CAROLINA,DAVIDSON,HAY,PRODUCTION,TONS,33000
1998,NORTH CAROLINA,DAVIDSON,OATS,PRODUCTION,BU,25000
1998,NORTH CAROLINA,DAVIDSON,SOYBEANS,PRODUCTION,BU,92500
1998,NORTH CAROLINA,DAVIDSON,TOBACCO,PRODUCTION,LB,3194000
1998,NORTH CAROLINA,DAVIDSON,WHEAT,PRODUCTION,BU,157000
1998,NORTH CAROLINA,DAVIDSON,WHEAT,PRODUCTION,BU,157000
1998,NORTH CAROLINA,DAVIE,BARLEY,PRODUCTION,BU,12500
1998,NORTH CAROLINA,DAVIE,CORN,PRODUCTION,BU,113000
1998,NORTH CAROLINA,DAVIE,CORN,PRODUCTION,TONS,7600
1998,NORTH CAROLINA,DAVIE,HAY,PRODUCTION,TONS,25000
1998,NORTH CAROLINA,DAVIE,SOYBEANS,PRODUCTION,BU,73500
1998,NORTH CAROLINA,DAVIE,TOBACCO,PRODUCTION,LB,1070000
1998,NORTH CAROLINA,DAVIE,WHEAT,PRODUCTION,BU,137000
1998,NORTH CAROLINA,DAVIE,WHEAT,PRODUCTION,BU,137000
1998,NORTH CAROLINA,DUPLIN,CORN,PRODUCTION,BU,1840000
1998,NORTH CAROLINA,DUPLIN,COTTON,PRODUCTION,480 LB BALES,13000
1998,NORTH CAROLINA,DUPLIN,HAY,PRODUCTION,TONS,53400
1998,NORTH CAROLINA,DUPLIN,OATS,PRODUCTION,BU,29000
1998,NORTH CAROLINA,DUPLIN,SOYBEANS,PRODUCTION,BU,1440000
1998,NORTH CAROLINA,DUPLIN,SWEET POTATOES,PRODUCTION,CWT,126200
1998,NORTH CAROLINA,DUPLIN,TOBACCO,PRODUCTION,LB,16005000
1998,NORTH CAROLINA,DUPLIN,WHEAT,PRODUCTION,BU,962000
1998,NORTH CAROLINA,DUPLIN,WHEAT,PRODUCTION,BU,962000
1998,NORTH CAROLINA,DURHAM,CORN,PRODUCTION,BU,16000
1998,NORTH CAROLINA,DURHAM,CORN,PRODUCTION,TONS,1700
1998,NORTH CAROLINA,DURHAM,HAY,PRODUCTION,TONS,4500
1998,NORTH CAROLINA,DURHAM,SOYBEANS,PRODUCTION,BU,8800
1998,NORTH CAROLINA,DURHAM,TOBACCO,PRODUCTION,LB,2789000
1998,NORTH CAROLINA,DURHAM,WHEAT,PRODUCTION,BU,29500
1998,NORTH CAROLINA,DURHAM,WHEAT,PRODUCTION,BU,29500
1998,NORTH CAROLINA,EDGECOMBE,CORN,PRODUCTION,BU,1255000
1998,NORTH CAROLINA,EDGECOMBE,CORN,PRODUCTION,TONS,2400
1998,NORTH CAROLINA,EDGECOMBE,COTTON,PRODUCTION,480 LB BALES,65000
1998,NORTH CAROLINA,EDGECOMBE,HAY,PRODUCTION,TONS,4100
1998,NORTH CAROLINA,EDGECOMBE,OATS,PRODUCTION,BU,21000
1998,NORTH CAROLINA,EDGECOMBE,PEANUTS,PRODUCTION,LB,34716000
1998,NORTH CAROLINA,EDGECOMBE,SORGHUM,PRODUCTION,BU,16100
1998,NORTH CAROLINA,EDGECOMBE,SOYBEANS,PRODUCTION,BU,870000
1998,NORTH CAROLINA,EDGECOMBE,SWEET POTATOES,PRODUCTION,CWT,328700
1998,NORTH CAROLINA,EDGECOMBE,TOBACCO,PRODUCTION,LB,15173000
1998,NORTH CAROLINA,EDGECOMBE,WHEAT,PRODUCTION,BU,325000
1998,NORTH CAROLINA,EDGECOMBE,WHEAT,PRODUCTION,BU,325000
1998,NORTH CAROLINA,FORSYTH,BARLEY,PRODUCTION,BU,9200
1998,NORTH CAROLINA,FORSYTH,CORN,PRODUCTION,BU,98500
1998,NORTH CAROLINA,FORSYTH,CORN,PRODUCTION,TONS,4700
1998,NORTH CAROLINA,FORSYTH,HAY,PRODUCTION,TONS,18400
1998,NORTH CAROLINA,FORSYTH,OATS,PRODUCTION,BU,12000
1998,NORTH CAROLINA,FORSYTH,SOYBEANS,PRODUCTION,BU,47500
1998,NORTH CAROLINA,FORSYTH,TOBACCO,PRODUCTION,LB,4765000
1998,NORTH CAROLINA,FORSYTH,WHEAT,PRODUCTION,BU,86500
1998,NORTH CAROLINA,FORSYTH,WHEAT,PRODUCTION,BU,86500
1998,NORTH CAROLINA,FRANKLIN,BARLEY,PRODUCTION,BU,10600
1998,NORTH CAROLINA,FRANKLIN,CORN,PRODUCTION,BU,60000
1998,NORTH CAROLINA,FRANKLIN,CORN,PRODUCTION,TONS,2900
1998,NORTH CAROLINA,FRANKLIN,COTTON,PRODUCTION,480 LB BALES,800
1998,NORTH CAROLINA,FRANKLIN,HAY,PRODUCTION,TONS,12800
1998,NORTH CAROLINA,FRANKLIN,OATS,PRODUCTION,BU,10000
1998,NORTH CAROLINA,FRANKLIN,SORGHUM,PRODUCTION,BU,17400
1998,NORTH CAROLINA,FRANKLIN,SOYBEANS,PRODUCTION,BU,257000
1998,NORTH CAROLINA,FRANKLIN,TOBACCO,PRODUCTION,LB,14513000
1998,NORTH CAROLINA,FRANKLIN,WHEAT,PRODUCTION,BU,320000
1998,NORTH CAROLINA,FRANKLIN,WHEAT,PRODUCTION,BU,320000
1998,NORTH CAROLINA,GASTON,BARLEY,PRODUCTION,BU,28400
1998,NORTH CAROLINA,GASTON,CORN,PRODUCTION,BU,8800
1998,NORTH CAROLINA,GASTON,CORN,PRODUCTION,TONS,14500
1998,NORTH CAROLINA,GASTON,HAY,PRODUCTION,TONS,13000
1998,NORTH CAROLINA,GASTON,OATS,PRODUCTION,BU,13000
1998,NORTH CAROLINA,GASTON,SOYBEANS,PRODUCTION,BU,15000
1998,NORTH CAROLINA,GASTON,WHEAT,PRODUCTION,BU,35000
1998,NORTH CAROLINA,GASTON,WHEAT,PRODUCTION,BU,35000
1998,NORTH CAROLINA,GATES,CORN,PRODUCTION,BU,625000
1998,NORTH CAROLINA,GATES,COTTON,PRODUCTION,480 LB BALES,26000
1998,NORTH CAROLINA,GATES,HAY,PRODUCTION,TONS,1400
1998,NORTH CAROLINA,GATES,PEANUTS,PRODUCTION,LB,25780000
1998,NORTH CAROLINA,GATES,SOYBEANS,PRODUCTION,BU,374000
1998,NORTH CAROLINA,GATES,TOBACCO,PRODUCTION,LB,257000
1998,NORTH CAROLINA,GATES,WHEAT,PRODUCTION,BU,97500
1998,NORTH CAROLINA,GATES,WHEAT,PRODUCTION,BU,97500
1998,NORTH CAROLINA,GRAHAM,HAY,PRODUCTION,TONS,1400
1998,NORTH CAROLINA,GRAHAM,TOBACCO,PRODUCTION,LB,141000
1998,NORTH CAROLINA,GRANVILLE,CORN,PRODUCTION,BU,66000
1998,NORTH CAROLINA,GRANVILLE,CORN,PRODUCTION,TONS,19000
1998,NORTH CAROLINA,GRANVILLE,HAY,PRODUCTION,TONS,15600
1998,NORTH CAROLINA,GRANVILLE,SOYBEANS,PRODUCTION,BU,57200
1998,NORTH CAROLINA,GRANVILLE,TOBACCO,PRODUCTION,LB,15090000
1998,NORTH CAROLINA,GRANVILLE,WHEAT,PRODUCTION,BU,142000
1998,NORTH CAROLINA,GRANVILLE,WHEAT,PRODUCTION,BU,142000
1998,NORTH CAROLINA,GREENE,CORN,PRODUCTION,BU,1180000
1998,NORTH CAROLINA,GREENE,COTTON,PRODUCTION,480 LB BALES,26000
1998,NORTH CAROLINA,GREENE,HAY,PRODUCTION,TONS,5000
1998,NORTH CAROLINA,GREENE,OATS,PRODUCTION,BU,15000
1998,NORTH CAROLINA,GREENE,PEANUTS,PRODUCTION,LB,203000
1998,NORTH CAROLINA,GREENE,SOYBEANS,PRODUCTION,BU,992000
1998,NORTH CAROLINA,GREENE,SWEET POTATOES,PRODUCTION,CWT,115700
1998,NORTH CAROLINA,GREENE,TOBACCO,PRODUCTION,LB,15222000
1998,NORTH CAROLINA,GREENE,WHEAT,PRODUCTION,BU,438000
1998,NORTH CAROLINA,GREENE,WHEAT,PRODUCTION,BU,438000
1998,NORTH CAROLINA,GUILFORD,CORN,PRODUCTION,BU,123500
1998,NORTH CAROLINA,GUILFORD,CORN,PRODUCTION,TONS,14300
1998,NORTH CAROLINA,GUILFORD,HAY,PRODUCTION,TONS,28500
1998,NORTH CAROLINA,GUILFORD,OATS,PRODUCTION,BU,18000
1998,NORTH CAROLINA,GUILFORD,SOYBEANS,PRODUCTION,BU,50000
1998,NORTH CAROLINA,GUILFORD,TOBACCO,PRODUCTION,LB,9237000
1998,NORTH CAROLINA,GUILFORD,WHEAT,PRODUCTION,BU,266000
1998,NORTH CAROLINA,GUILFORD,WHEAT,PRODUCTION,BU,266000
1998,NORTH CAROLINA,HALIFAX,CORN,PRODUCTION,BU,578000
1998,NORTH CAROLINA,HALIFAX,CORN,PRODUCTION,TONS,5700
1998,NORTH CAROLINA,HALIFAX,COTTON,PRODUCTION,480 LB BALES,90000
1998,NORTH CAROLINA,HALIFAX,HAY,PRODUCTION,TONS,5900
1998,NORTH CAROLINA,HALIFAX,PEANUTS,PRODUCTION,LB,62840000
1998,NORTH CAROLINA,HALIFAX,SOYBEANS,PRODUCTION,BU,325000
1998,NORTH CAROLINA,HALIFAX,SWEET POTATOES,PRODUCTION,CWT,59500
1998,NORTH CAROLINA,HALIFAX,TOBACCO,PRODUCTION,LB,7836000
1998,NORTH CAROLINA,HALIFAX,WHEAT,PRODUCTION,BU,188000
1998,NORTH CAROLINA,HALIFAX,WHEAT,PRODUCTION,BU,188000
1998,NORTH CAROLINA,HARNETT,BARLEY,PRODUCTION,BU,16400
1998,NORTH CAROLINA,HARNETT,CORN,PRODUCTION,BU,169000
1998,NORTH CAROLINA,HARNETT,CORN,PRODUCTION,TONS,1400
1998,NORTH CAROLINA,HARNETT,COTTON,PRODUCTION,480 LB BALES,15000
1998,NORTH CAROLINA,HARNETT,HAY,PRODUCTION,TONS,10300
1998,NORTH CAROLINA,HARNETT,OATS,PRODUCTION,BU,30000
1998,NORTH CAROLINA,HARNETT,SOYBEANS,PRODUCTION,BU,475000
1998,NORTH CAROLINA,HARNETT,SWEET POTATOES,PRODUCTION,CWT,144800
1998,NORTH CAROLINA,HARNETT,TOBACCO,PRODUCTION,LB,17776000
1998,NORTH CAROLINA,HARNETT,WHEAT,PRODUCTION,BU,188000
1998,NORTH CAROLINA,HARNETT,WHEAT,PRODUCTION,BU,188000
1998,NORTH CAROLINA,HAYWOOD,CORN,PRODUCTION,TONS,26000
1998,NORTH CAROLINA,HAYWOOD,HAY,PRODUCTION,TONS,20200
1998,NORTH CAROLINA,HAYWOOD,TOBACCO,PRODUCTION,LB,1303000
1998,NORTH CAROLINA,HENDERSON,CORN,PRODUCTION,BU,243000
1998,NORTH CAROLINA,HENDERSON,CORN,PRODUCTION,TONS,41500
1998,NORTH CAROLINA,HENDERSON,HAY,PRODUCTION,TONS,11600
1998,NORTH CAROLINA,HENDERSON,TOBACCO,PRODUCTION,LB,35000
1998,NORTH CAROLINA,HERTFORD,CORN,PRODUCTION,BU,930000
1998,NORTH CAROLINA,HERTFORD,COTTON,PRODUCTION,480 LB BALES,29000
1998,NORTH CAROLINA,HERTFORD,HAY,PRODUCTION,TONS,900
1998,NORTH CAROLINA,HERTFORD,PEANUTS,PRODUCTION,LB,36332000
1998,NORTH CAROLINA,HERTFORD,SOYBEANS,PRODUCTION,BU,304000
1998,NORTH CAROLINA,HERTFORD,TOBACCO,PRODUCTION,LB,3726000
1998,NORTH CAROLINA,HERTFORD,WHEAT,PRODUCTION,BU,57000
1998,NORTH CAROLINA,HERTFORD,WHEAT,PRODUCTION,BU,57000
1998,NORTH CAROLINA,HOKE,CORN,PRODUCTION,BU,67000
1998,NORTH CAROLINA,HOKE,COTTON,PRODUCTION,480 LB BALES,21000
1998,NORTH CAROLINA,HOKE,HAY,PRODUCTION,TONS,5700
1998,NORTH CAROLINA,HOKE,SOYBEANS,PRODUCTION,BU,214000
1998,NORTH CAROLINA,HOKE,TOBACCO,PRODUCTION,LB,2718000
1998,NORTH CAROLINA,HOKE,WHEAT,PRODUCTION,BU,191000
1998,NORTH CAROLINA,HOKE,WHEAT,PRODUCTION,BU,191000
1998,NORTH CAROLINA,HYDE,CORN,PRODUCTION,BU,2410000
1998,NORTH CAROLINA,HYDE,COTTON,PRODUCTION,480 LB BALES,17000
1998,NORTH CAROLINA,HYDE,HAY,PRODUCTION,TONS,600
1998,NORTH CAROLINA,HYDE,POTATOES,PRODUCTION,CWT,48400
1998,NORTH CAROLINA,HYDE,SORGHUM,PRODUCTION,BU,27000
1998,NORTH CAROLINA,HYDE,SOYBEANS,PRODUCTION,BU,1188000
1998,NORTH CAROLINA,HYDE,WHEAT,PRODUCTION,BU,948000
1998,NORTH CAROLINA,HYDE,WHEAT,PRODUCTION,BU,948000
1998,NORTH CAROLINA,IREDELL,BARLEY,PRODUCTION,BU,134700
1998,NORTH CAROLINA,IREDELL,CORN,PRODUCTION,BU,121000
1998,NORTH CAROLINA,IREDELL,CORN,PRODUCTION,TONS,85400
1998,NORTH CAROLINA,IREDELL,COTTON,PRODUCTION,480 LB BALES,1000
1998,NORTH CAROLINA,IREDELL,HAY,PRODUCTION,TONS,74300
1998,NORTH CAROLINA,IREDELL,OATS,PRODUCTION,BU,18000
1998,NORTH CAROLINA,IREDELL,SOYBEANS,PRODUCTION,BU,187000
1998,NORTH CAROLINA,IREDELL,TOBACCO,PRODUCTION,LB,929000
1998,NORTH CAROLINA,IREDELL,WHEAT,PRODUCTION,BU,204000
1998,NORTH CAROLINA,IREDELL,WHEAT,PRODUCTION,BU,204000
1998,NORTH CAROLINA,JACKSON,HAY,PRODUCTION,TONS,2200
1998,NORTH CAROLINA,JACKSON,TOBACCO,PRODUCTION,LB,51000
1998,NORTH CAROLINA,JOHNSTON,CORN,PRODUCTION,BU,435000
1998,NORTH CAROLINA,JOHNSTON,COTTON,PRODUCTION,480 LB BALES,13000
1998,NORTH CAROLINA,JOHNSTON,HAY,PRODUCTION,TONS,18600
1998,NORTH CAROLINA,JOHNSTON,OATS,PRODUCTION,BU,49000
1998,NORTH CAROLINA,JOHNSTON,PEANUTS,PRODUCTION,LB,188000
1998,NORTH CAROLINA,JOHNSTON,SOYBEANS,PRODUCTION,BU,1156000
1998,NORTH CAROLINA,JOHNSTON,SWEET POTATOES,PRODUCTION,CWT,1057900
1998,NORTH CAROLINA,JOHNSTON,TOBACCO,PRODUCTION,LB,27843000
1998,NORTH CAROLINA,JOHNSTON,WHEAT,PRODUCTION,BU,580000
1998,NORTH CAROLINA,JOHNSTON,WHEAT,PRODUCTION,BU,580000
1998,NORTH CAROLINA,JONES,CORN,PRODUCTION,BU,544000
1998,NORTH CAROLINA,JONES,COTTON,PRODUCTION,480 LB BALES,38000
1998,NORTH CAROLINA,JONES,HAY,PRODUCTION,TONS,2900
1998,NORTH CAROLINA,JONES,SOYBEANS,PRODUCTION,BU,350000
1998,NORTH CAROLINA,JONES,TOBACCO,PRODUCTION,LB,6447000
1998,NORTH CAROLINA,JONES,WHEAT,PRODUCTION,BU,272000
1998,NORTH CAROLINA,JONES,WHEAT,PRODUCTION,BU,272000
1998,NORTH CAROLINA,LEE,CORN,PRODUCTION,BU,30500
1998,NORTH CAROLINA,LEE,COTTON,PRODUCTION,480 LB BALES,2800
1998,NORTH CAROLINA,LEE,HAY,PRODUCTION,TONS,4700
1998,NORTH CAROLINA,LEE,OATS,PRODUCTION,BU,20000
1998,NORTH CAROLINA,LEE,SOYBEANS,PRODUCTION,BU,61400
1998,NORTH CAROLINA,LEE,TOBACCO,PRODUCTION,LB,4957000
1998,NORTH CAROLINA,LEE,WHEAT,PRODUCTION,BU,64000
1998,NORTH CAROLINA,LEE,WHEAT,PRODUCTION,BU,64000
1998,NORTH CAROLINA,LENOIR,BARLEY,PRODUCTION,BU,9400
1998,NORTH CAROLINA,LENOIR,CORN,PRODUCTION,BU,1705000
1998,NORTH CAROLINA,LENOIR,CORN,PRODUCTION,TONS,2600
1998,NORTH CAROLINA,LENOIR,COTTON,PRODUCTION,480 LB BALES,37000
1998,NORTH CAROLINA,LENOIR,HAY,PRODUCTION,TONS,5000
1998,NORTH CAROLINA,LENOIR,SOYBEANS,PRODUCTION,BU,778000
1998,NORTH CAROLINA,LENOIR,SWEET POTATOES,PRODUCTION,CWT,74200
1998,NORTH CAROLINA,LENOIR,TOBACCO,PRODUCTION,LB,18552000
1998,NORTH CAROLINA,LENOIR,WHEAT,PRODUCTION,BU,674000
1998,NORTH CAROLINA,LENOIR,WHEAT,PRODUCTION,BU,674000
1998,NORTH CAROLINA,LINCOLN,BARLEY,PRODUCTION,BU,59400
1998,NORTH CAROLINA,LINCOLN,CORN,PRODUCTION,BU,148000
1998,NORTH CAROLINA,LINCOLN,CORN,PRODUCTION,TONS,14600
1998,NORTH CAROLINA,LINCOLN,HAY,PRODUCTION,TONS,27500
1998,NORTH CAROLINA,LINCOLN,SOYBEANS,PRODUCTION,BU,147000
1998,NORTH CAROLINA,LINCOLN,WHEAT,PRODUCTION,BU,254000
1998,NORTH CAROLINA,LINCOLN,WHEAT,PRODUCTION,BU,254000
1998,NORTH CAROLINA,MACON,CORN,PRODUCTION,BU,22400
1998,NORTH CAROLINA,MACON,CORN,PRODUCTION,TONS,4400
1998,NORTH CAROLINA,MACON,HAY,PRODUCTION,TONS,9500
1998,NORTH CAROLINA,MACON,TOBACCO,PRODUCTION,LB,46000
1998,NORTH CAROLINA,MADISON,CORN,PRODUCTION,BU,22100
1998,NORTH CAROLINA,MADISON,CORN,PRODUCTION,TONS,3300
1998,NORTH CAROLINA,MADISON,HAY,PRODUCTION,TONS,13200
1998,NORTH CAROLINA,MADISON,TOBACCO,PRODUCTION,LB,3306000
1998,NORTH CAROLINA,MARTIN,CORN,PRODUCTION,BU,608000
1998,NORTH CAROLINA,MARTIN,COTTON,PRODUCTION,480 LB BALES,55000
1998,NORTH CAROLINA,MARTIN,HAY,PRODUCTION,TONS,1500
1998,NORTH CAROLINA,MARTIN,PEANUTS,PRODUCTION,LB,44055000
1998,NORTH CAROLINA,MARTIN,SORGHUM,PRODUCTION,BU,10900
1998,NORTH CAROLINA,MARTIN,SOYBEANS,PRODUCTION,BU,348000
1998,NORTH CAROLINA,MARTIN,TOBACCO,PRODUCTION,LB,10397000
1998,NORTH CAROLINA,MARTIN,WHEAT,PRODUCTION,BU,142000
1998,NORTH CAROLINA,MARTIN,WHEAT,PRODUCTION,BU,142000
1998,NORTH CAROLINA,MCDOWELL,CORN,PRODUCTION,BU,56200
1998,NORTH CAROLINA,MCDOWELL,CORN,PRODUCTION,TONS,6800
1998,NORTH CAROLINA,MCDOWELL,HAY,PRODUCTION,TONS,6800
1998,NORTH CAROLINA,MCDOWELL,SOYBEANS,PRODUCTION,BU,25600
1998,NORTH CAROLINA,MECKLENBURG,BARLEY,PRODUCTION,BU,9600
1998,NORTH CAROLINA,MECKLENBURG,CORN,PRODUCTION,BU,17700
1998,NORTH CAROLINA,MECKLENBURG,CORN,PRODUCTION,TONS,11200
1998,NORTH CAROLINA,MECKLENBURG,HAY,PRODUCTION,TONS,17000
1998,NORTH CAROLINA,MECKLENBURG,SOYBEANS,PRODUCTION,BU,15000
1998,NORTH CAROLINA,MECKLENBURG,WHEAT,PRODUCTION,BU,48500
1998,NORTH CAROLINA,MECKLENBURG,WHEAT,PRODUCTION,BU,48500
1998,NORTH CAROLINA,MITCHELL,CORN,PRODUCTION,BU,22200
1998,NORTH CAROLINA,MITCHELL,HAY,PRODUCTION,TONS,6700
1998,NORTH CAROLINA,MITCHELL,TOBACCO,PRODUCTION,LB,568000
1998,NORTH CAROLINA,MONTGOMERY,CORN,PRODUCTION,BU,58000
1998,NORTH CAROLINA,MONTGOMERY,COTTON,PRODUCTION,480 LB BALES,2000
1998,NORTH CAROLINA,MONTGOMERY,HAY,PRODUCTION,TONS,9800
1998,NORTH CAROLINA,MONTGOMERY,SOYBEANS,PRODUCTION,BU,25000
1998,NORTH CAROLINA,MONTGOMERY,TOBACCO,PRODUCTION,LB,1020000
1998,NORTH CAROLINA,MONTGOMERY,WHEAT,PRODUCTION,BU,14000
1998,NORTH CAROLINA,MONTGOMERY,WHEAT,PRODUCTION,BU,14000
1998,NORTH CAROLINA,MOORE,CORN,PRODUCTION,BU,39000
1998,NORTH CAROLINA,MOORE,COTTON,PRODUCTION,480 LB BALES,400
1998,NORTH CAROLINA,MOORE,HAY,PRODUCTION,TONS,15300
1998,NORTH CAROLINA,MOORE,SOYBEANS,PRODUCTION,BU,55000
1998,NORTH CAROLINA,MOORE,TOBACCO,PRODUCTION,LB,5582000
1998,NORTH CAROLINA,MOORE,WHEAT,PRODUCTION,BU,128500
1998,NORTH CAROLINA,MOORE,WHEAT,PRODUCTION,BU,128500
1998,NORTH CAROLINA,NASH,CORN,PRODUCTION,BU,158000
1998,NORTH CAROLINA,NASH,CORN,PRODUCTION,TONS,2200
1998,NORTH CAROLINA,NASH,COTTON,PRODUCTION,480 LB BALES,25000
1998,NORTH CAROLINA,NASH,HAY,PRODUCTION,TONS,12400
1998,NORTH CAROLINA,NASH,OATS,PRODUCTION,BU,37000
1998,NORTH CAROLINA,NASH,PEANUTS,PRODUCTION,LB,9537000
1998,NORTH CAROLINA,NASH,SOYBEANS,PRODUCTION,BU,758000
1998,NORTH CAROLINA,NASH,SWEET POTATOES,PRODUCTION,CWT,1208400
1998,NORTH CAROLINA,NASH,TOBACCO,PRODUCTION,LB,23680000
1998,NORTH CAROLINA,NASH,WHEAT,PRODUCTION,BU,589000
1998,NORTH CAROLINA,NASH,WHEAT,PRODUCTION,BU,589000
1998,NORTH CAROLINA,NEW HANOVER,CORN,PRODUCTION,BU,20000
1998,NORTH CAROLINA,NEW HANOVER,SOYBEANS,PRODUCTION,BU,23000
1998,NORTH CAROLINA,NEW HANOVER,TOBACCO,PRODUCTION,LB,33000
1998,NORTH CAROLINA,NORTHAMPTON,CORN,PRODUCTION,BU,332000
1998,NORTH CAROLINA,NORTHAMPTON,COTTON,PRODUCTION,480 LB BALES,84000
1998,NORTH CAROLINA,NORTHAMPTON,HAY,PRODUCTION,TONS,3000
1998,NORTH CAROLINA,NORTHAMPTON,PEANUTS,PRODUCTION,LB,64992000
1998,NORTH CAROLINA,NORTHAMPTON,SORGHUM,PRODUCTION,BU,9400
1998,NORTH CAROLINA,NORTHAMPTON,SOYBEANS,PRODUCTION,BU,348000
1998,NORTH CAROLINA,NORTHAMPTON,TOBACCO,PRODUCTION,LB,591000
1998,NORTH CAROLINA,NORTHAMPTON,WHEAT,PRODUCTION,BU,131000
1998,NORTH CAROLINA,NORTHAMPTON,WHEAT,PRODUCTION,BU,131000
1998,NORTH CAROLINA,ONSLOW,CORN,PRODUCTION,BU,994000
1998,NORTH CAROLINA,ONSLOW,COTTON,PRODUCTION,480 LB BALES,3500
1998,NORTH CAROLINA,ONSLOW,HAY,PRODUCTION,TONS,4800
1998,NORTH CAROLINA,ONSLOW,SOYBEANS,PRODUCTION,BU,420000
1998,NORTH CAROLINA,ONSLOW,TOBACCO,PRODUCTION,LB,4546000
1998,NORTH CAROLINA,ONSLOW,WHEAT,PRODUCTION,BU,199000
1998,NORTH CAROLINA,ONSLOW,WHEAT,PRODUCTION,BU,199000
1998,NORTH CAROLINA,ORANGE,BARLEY,PRODUCTION,BU,20700
1998,NORTH CAROLINA,ORANGE,CORN,PRODUCTION,BU,71000
1998,NORTH CAROLINA,ORANGE,CORN,PRODUCTION,TONS,24500
1998,NORTH CAROLINA,ORANGE,HAY,PRODUCTION,TONS,19800
1998,NORTH CAROLINA,ORANGE,OATS,PRODUCTION,BU,11000
1998,NORTH CAROLINA,ORANGE,SOYBEANS,PRODUCTION,BU,44000
1998,NORTH CAROLINA,ORANGE,TOBACCO,PRODUCTION,LB,4233000
1998,NORTH CAROLINA,ORANGE,WHEAT,PRODUCTION,BU,63500
1998,NORTH CAROLINA,ORANGE,WHEAT,PRODUCTION,BU,63500
1998,NORTH CAROLINA,PAMLICO,CORN,PRODUCTION,BU,783000
1998,NORTH CAROLINA,PAMLICO,COTTON,PRODUCTION,480 LB BALES,5000
1998,NORTH CAROLINA,PAMLICO,HAY,PRODUCTION,TONS,600
1998,NORTH CAROLINA,PAMLICO,POTATOES,PRODUCTION,CWT,429100
1998,NORTH CAROLINA,PAMLICO,SOYBEANS,PRODUCTION,BU,546000
1998,NORTH CAROLINA,PAMLICO,TOBACCO,PRODUCTION,LB,621000
1998,NORTH CAROLINA,PAMLICO,WHEAT,PRODUCTION,BU,427000
1998,NORTH CAROLINA,PAMLICO,WHEAT,PRODUCTION,BU,427000
1998,NORTH CAROLINA,PASQUOTANK,CORN,PRODUCTION,BU,2315000
1998,NORTH CAROLINA,PASQUOTANK,COTTON,PRODUCTION,480 LB BALES,4500
1998,NORTH CAROLINA,PASQUOTANK,PEANUTS,PRODUCTION,LB,325000
1998,NORTH CAROLINA,PASQUOTANK,POTATOES,PRODUCTION,CWT,815900
1998,NORTH CAROLINA,PASQUOTANK,SORGHUM,PRODUCTION,BU,128900
1998,NORTH CAROLINA,PASQUOTANK,SOYBEANS,PRODUCTION,BU,1376000
1998,NORTH CAROLINA,PASQUOTANK,WHEAT,PRODUCTION,BU,1090000
1998,NORTH CAROLINA,PASQUOTANK,WHEAT,PRODUCTION,BU,1090000
1998,NORTH CAROLINA,PENDER,CORN,PRODUCTION,BU,806000
1998,NORTH CAROLINA,PENDER,COTTON,PRODUCTION,480 LB BALES,300
1998,NORTH CAROLINA,PENDER,HAY,PRODUCTION,TONS,4000
1998,NORTH CAROLINA,PENDER,PEANUTS,PRODUCTION,LB,931000
1998,NORTH CAROLINA,PENDER,SOYBEANS,PRODUCTION,BU,392000
1998,NORTH CAROLINA,PENDER,TOBACCO,PRODUCTION,LB,2553000
1998,NORTH CAROLINA,PENDER,WHEAT,PRODUCTION,BU,239000
1998,NORTH CAROLINA,PENDER,WHEAT,PRODUCTION,BU,239000
1998,NORTH CAROLINA,PERQUIMANS,CORN,PRODUCTION,BU,1810000
1998,NORTH CAROLINA,PERQUIMANS,COTTON,PRODUCTION,480 LB BALES,23000
1998,NORTH CAROLINA,PERQUIMANS,HAY,PRODUCTION,TONS,600
1998,NORTH CAROLINA,PERQUIMANS,OATS,PRODUCTION,BU,22000
1998,NORTH CAROLINA,PERQUIMANS,PEANUTS,PRODUCTION,LB,9838000
1998,NORTH CAROLINA,PERQUIMANS,SOYBEANS,PRODUCTION,BU,1155000
1998,NORTH CAROLINA,PERQUIMANS,WHEAT,PRODUCTION,BU,688000
1998,NORTH CAROLINA,PERQUIMANS,WHEAT,PRODUCTION,BU,688000
1998,NORTH CAROLINA,PERSON,CORN,PRODUCTION,BU,170000
1998,NORTH CAROLINA,PERSON,CORN,PRODUCTION,TONS,3200
1998,NORTH CAROLINA,PERSON,HAY,PRODUCTION,TONS,20600
1998,NORTH CAROLINA,PERSON,OATS,PRODUCTION,BU,12000
1998,NORTH CAROLINA,PERSON,SOYBEANS,PRODUCTION,BU,129500
1998,NORTH CAROLINA,PERSON,TOBACCO,PRODUCTION,LB,11801000
1998,NORTH CAROLINA,PERSON,WHEAT,PRODUCTION,BU,265000
1998,NORTH CAROLINA,PERSON,WHEAT,PRODUCTION,BU,265000
1998,NORTH CAROLINA,PITT,CORN,PRODUCTION,BU,1610000
1998,NORTH CAROLINA,PITT,COTTON,PRODUCTION,480 LB BALES,47000
1998,NORTH CAROLINA,PITT,HAY,PRODUCTION,TONS,6800
1998,NORTH CAROLINA,PITT,OATS,PRODUCTION,BU,45000
1998,NORTH CAROLINA,PITT,PEANUTS,PRODUCTION,LB,12191000
1998,NORTH CAROLINA,PITT,SOYBEANS,PRODUCTION,BU,1220000
1998,NORTH CAROLINA,PITT,TOBACCO,PRODUCTION,LB,28884000
1998,NORTH CAROLINA,PITT,WHEAT,PRODUCTION,BU,884000
1998,NORTH CAROLINA,PITT,WHEAT,PRODUCTION,BU,884000
1998,NORTH CAROLINA,POLK,HAY,PRODUCTION,TONS,9100
1998,NORTH CAROLINA,POLK,SOYBEANS,PRODUCTION,BU,5600
1998,NORTH CAROLINA,RANDOLPH,BARLEY,PRODUCTION,BU,20200
1998,NORTH CAROLINA,RANDOLPH,CORN,PRODUCTION,BU,341000
1998,NORTH CAROLINA,RANDOLPH,CORN,PRODUCTION,TONS,24800
1998,NORTH CAROLINA,RANDOLPH,HAY,PRODUCTION,TONS,52500
1998,NORTH CAROLINA,RANDOLPH,OATS,PRODUCTION,BU,17000
1998,NORTH CAROLINA,RANDOLPH,SOYBEANS,PRODUCTION,BU,116400
1998,NORTH CAROLINA,RANDOLPH,TOBACCO,PRODUCTION,LB,3184000
1998,NORTH CAROLINA,RANDOLPH,WHEAT,PRODUCTION,BU,159000
1998,NORTH CAROLINA,RANDOLPH,WHEAT,PRODUCTION,BU,159000
1998,NORTH CAROLINA,RICHMOND,CORN,PRODUCTION,BU,82000
1998,NORTH CAROLINA,RICHMOND,COTTON,PRODUCTION,480 LB BALES,4500
1998,NORTH CAROLINA,RICHMOND,HAY,PRODUCTION,TONS,8200
1998,NORTH CAROLINA,RICHMOND,SOYBEANS,PRODUCTION,BU,78000
1998,NORTH CAROLINA,RICHMOND,TOBACCO,PRODUCTION,LB,2390000
1998,NORTH CAROLINA,RICHMOND,WHEAT,PRODUCTION,BU,85000
1998,NORTH CAROLINA,RICHMOND,WHEAT,PRODUCTION,BU,85000
1998,NORTH CAROLINA,ROBESON,CORN,PRODUCTION,BU,1384000
1998,NORTH CAROLINA,ROBESON,CORN,PRODUCTION,TONS,1100
1998,NORTH CAROLINA,ROBESON,COTTON,PRODUCTION,480 LB BALES,33000
1998,NORTH CAROLINA,ROBESON,HAY,PRODUCTION,TONS,16500
1998,NORTH CAROLINA,ROBESON,OATS,PRODUCTION,BU,33000
1998,NORTH CAROLINA,ROBESON,PEANUTS,PRODUCTION,LB,254000
1998,NORTH CAROLINA,ROBESON,SOYBEANS,PRODUCTION,BU,2325000
1998,NORTH CAROLINA,ROBESON,TOBACCO,PRODUCTION,LB,23130000
1998,NORTH CAROLINA,ROBESON,WHEAT,PRODUCTION,BU,1670000
1998,NORTH CAROLINA,ROBESON,WHEAT,PRODUCTION,BU,1670000
1998,NORTH CAROLINA,ROCKINGHAM,BARLEY,PRODUCTION,BU,15000
1998,NORTH CAROLINA,ROCKINGHAM,CORN,PRODUCTION,BU,73500
1998,NORTH CAROLINA,ROCKINGHAM,CORN,PRODUCTION,TONS,10800
1998,NORTH CAROLINA,ROCKINGHAM,HAY,PRODUCTION,TONS,19400
1998,NORTH CAROLINA,ROCKINGHAM,OATS,PRODUCTION,BU,14000
1998,NORTH CAROLINA,ROCKINGHAM,SOYBEANS,PRODUCTION,BU,36000
1998,NORTH CAROLINA,ROCKINGHAM,TOBACCO,PRODUCTION,LB,13981000
1998,NORTH CAROLINA,ROCKINGHAM,WHEAT,PRODUCTION,BU,199500
1998,NORTH CAROLINA,ROCKINGHAM,WHEAT,PRODUCTION,BU,199500
1998,NORTH CAROLINA,ROWAN,BARLEY,PRODUCTION,BU,128100
1998,NORTH CAROLINA,ROWAN,CORN,PRODUCTION,BU,262500
1998,NORTH CAROLINA,ROWAN,CORN,PRODUCTION,TONS,17000
1998,NORTH CAROLINA,ROWAN,COTTON,PRODUCTION,480 LB BALES,900
1998,NORTH CAROLINA,ROWAN,HAY,PRODUCTION,TONS,40700
1998,NORTH CAROLINA,ROWAN,OATS,PRODUCTION,BU,20000
1998,NORTH CAROLINA,ROWAN,SOYBEANS,PRODUCTION,BU,290000
1998,NORTH CAROLINA,ROWAN,WHEAT,PRODUCTION,BU,200000
1998,NORTH CAROLINA,ROWAN,WHEAT,PRODUCTION,BU,200000
1998,NORTH CAROLINA,RUTHERFORD,BARLEY,PRODUCTION,BU,13000
1998,NORTH CAROLINA,RUTHERFORD,CORN,PRODUCTION,BU,35800
1998,NORTH CAROLINA,RUTHERFORD,CORN,PRODUCTION,TONS,4600
1998,NORTH CAROLINA,RUTHERFORD,COTTON,PRODUCTION,480 LB BALES,400
1998,NORTH CAROLINA,RUTHERFORD,HAY,PRODUCTION,TONS,23400
1998,NORTH CAROLINA,RUTHERFORD,SOYBEANS,PRODUCTION,BU,6600
1998,NORTH CAROLINA,RUTHERFORD,WHEAT,PRODUCTION,BU,12400
1998,NORTH CAROLINA,RUTHERFORD,WHEAT,PRODUCTION,BU,12400
1998,NORTH CAROLINA,SAMPSON,CORN,PRODUCTION,BU,794000
1998,NORTH CAROLINA,SAMPSON,CORN,PRODUCTION,TONS,8700
1998,NORTH CAROLINA,SAMPSON,COTTON,PRODUCTION,480 LB BALES,59000
1998,NORTH CAROLINA,SAMPSON,HAY,PRODUCTION,TONS,45000
1998,NORTH CAROLINA,SAMPSON,OATS,PRODUCTION,BU,19000
1998,NORTH CAROLINA,SAMPSON,PEANUTS,PRODUCTION,LB,607000
1998,NORTH CAROLINA,SAMPSON,SOYBEANS,PRODUCTION,BU,1398000
1998,NORTH CAROLINA,SAMPSON,SWEET POTATOES,PRODUCTION,CWT,669000
1998,NORTH CAROLINA,SAMPSON,TOBACCO,PRODUCTION,LB,16819000
1998,NORTH CAROLINA,SAMPSON,WHEAT,PRODUCTION,BU,896000
1998,NORTH CAROLINA,SAMPSON,WHEAT,PRODUCTION,BU,896000
1998,NORTH CAROLINA,SCOTLAND,CORN,PRODUCTION,BU,67000
1998,NORTH CAROLINA,SCOTLAND,COTTON,PRODUCTION,480 LB BALES,20000
1998,NORTH CAROLINA,SCOTLAND,HAY,PRODUCTION,TONS,4900
1998,NORTH CAROLINA,SCOTLAND,SOYBEANS,PRODUCTION,BU,267000
1998,NORTH CAROLINA,SCOTLAND,TOBACCO,PRODUCTION,LB,1091000
1998,NORTH CAROLINA,SCOTLAND,WHEAT,PRODUCTION,BU,198000
1998,NORTH CAROLINA,SCOTLAND,WHEAT,PRODUCTION,BU,198000
1998,NORTH CAROLINA,STANLY,BARLEY,PRODUCTION,BU,56300
1998,NORTH CAROLINA,STANLY,CORN,PRODUCTION,BU,806000
1998,NORTH CAROLINA,STANLY,CORN,PRODUCTION,TONS,5500
1998,NORTH CAROLINA,STANLY,COTTON,PRODUCTION,480 LB BALES,10500
1998,NORTH CAROLINA,STANLY,HAY,PRODUCTION,TONS,33300
1998,NORTH CAROLINA,STANLY,OATS,PRODUCTION,BU,27000
1998,NORTH CAROLINA,STANLY,SOYBEANS,PRODUCTION,BU,464000
1998,NORTH CAROLINA,STANLY,WHEAT,PRODUCTION,BU,427000
1998,NORTH CAROLINA,STANLY,WHEAT,PRODUCTION,BU,427000
1998,NORTH CAROLINA,STOKES,CORN,PRODUCTION,BU,42300
1998,NORTH CAROLINA,STOKES,CORN,PRODUCTION,TONS,4400
1998,NORTH CAROLINA,STOKES,HAY,PRODUCTION,TONS,17400
1998,NORTH CAROLINA,STOKES,SORGHUM,PRODUCTION,BU,10900
1998,NORTH CAROLINA,STOKES,SOYBEANS,PRODUCTION,BU,17600
1998,NORTH CAROLINA,STOKES,TOBACCO,PRODUCTION,LB,11762000
1998,NORTH CAROLINA,STOKES,WHEAT,PRODUCTION,BU,33000
1998,NORTH CAROLINA,STOKES,WHEAT,PRODUCTION,BU,33000
1998,NORTH CAROLINA,SURRY,BARLEY,PRODUCTION,BU,23400
1998,NORTH CAROLINA,SURRY,CORN,PRODUCTION,BU,436000
1998,NORTH CAROLINA,SURRY,CORN,PRODUCTION,TONS,12600
1998,NORTH CAROLINA,SURRY,HAY,PRODUCTION,TONS,47600
1998,NORTH CAROLINA,SURRY,SOYBEANS,PRODUCTION,BU,98000
1998,NORTH CAROLINA,SURRY,TOBACCO,PRODUCTION,LB,13301000
1998,NORTH CAROLINA,SURRY,WHEAT,PRODUCTION,BU,114000
1998,NORTH CAROLINA,SURRY,WHEAT,PRODUCTION,BU,114000
1998,NORTH CAROLINA,SWAIN,HAY,PRODUCTION,TONS,1400
1998,NORTH CAROLINA,SWAIN,TOBACCO,PRODUCTION,LB,33000
1998,NORTH CAROLINA,TRANSYLVANIA,CORN,PRODUCTION,BU,53900
1998,NORTH CAROLINA,TRANSYLVANIA,CORN,PRODUCTION,TONS,3600
1998,NORTH CAROLINA,TRANSYLVANIA,HAY,PRODUCTION,TONS,4200
1998,NORTH CAROLINA,TRANSYLVANIA,TOBACCO,PRODUCTION,LB,50000
1998,NORTH CAROLINA,TYRRELL,CORN,PRODUCTION,BU,2315000
1998,NORTH CAROLINA,TYRRELL,COTTON,PRODUCTION,480 LB BALES,4000
1998,NORTH CAROLINA,TYRRELL,OATS,PRODUCTION,BU,41000
1998,NORTH CAROLINA,TYRRELL,PEANUTS,PRODUCTION,LB,367000
1998,NORTH CAROLINA,TYRRELL,POTATOES,PRODUCTION,CWT,450300
1998,NORTH CAROLINA,TYRRELL,SOYBEANS,PRODUCTION,BU,1125000
1998,NORTH CAROLINA,TYRRELL,WHEAT,PRODUCTION,BU,868500
1998,NORTH CAROLINA,TYRRELL,WHEAT,PRODUCTION,BU,868500
1998,NORTH CAROLINA,UNION,BARLEY,PRODUCTION,BU,50200
1998,NORTH CAROLINA,UNION,CORN,PRODUCTION,BU,1492000
1998,NORTH CAROLINA,UNION,CORN,PRODUCTION,TONS,8000
1998,NORTH CAROLINA,UNION,COTTON,PRODUCTION,480 LB BALES,11000
1998,NORTH CAROLINA,UNION,HAY,PRODUCTION,TONS,38300
1998,NORTH CAROLINA,UNION,OATS,PRODUCTION,BU,46000
1998,NORTH CAROLINA,UNION,SORGHUM,PRODUCTION,BU,35400
1998,NORTH CAROLINA,UNION,SOYBEANS,PRODUCTION,BU,1415000
1998,NORTH CAROLINA,UNION,WHEAT,PRODUCTION,BU,1182500
1998,NORTH CAROLINA,UNION,WHEAT,PRODUCTION,BU,1182500
1998,NORTH CAROLINA,VANCE,HAY,PRODUCTION,TONS,3400
1998,NORTH CAROLINA,VANCE,SOYBEANS,PRODUCTION,BU,61400
1998,NORTH CAROLINA,VANCE,TOBACCO,PRODUCTION,LB,9343000
1998,NORTH CAROLINA,VANCE,WHEAT,PRODUCTION,BU,192000
1998,NORTH CAROLINA,VANCE,WHEAT,PRODUCTION,BU,192000
1998,NORTH CAROLINA,WAKE,CORN,PRODUCTION,BU,51000
1998,NORTH CAROLINA,WAKE,COTTON,PRODUCTION,480 LB BALES,700
1998,NORTH CAROLINA,WAKE,HAY,PRODUCTION,TONS,10400
1998,NORTH CAROLINA,WAKE,OATS,PRODUCTION,BU,50000
1998,NORTH CAROLINA,WAKE,SORGHUM,PRODUCTION,BU,9900
1998,NORTH CAROLINA,WAKE,SOYBEANS,PRODUCTION,BU,252000
1998,NORTH CAROLINA,WAKE,SWEET POTATOES,PRODUCTION,CWT,46000
1998,NORTH CAROLINA,WAKE,TOBACCO,PRODUCTION,LB,21001000
1998,NORTH CAROLINA,WAKE,WHEAT,PRODUCTION,BU,209000
1998,NORTH CAROLINA,WAKE,WHEAT,PRODUCTION,BU,209000
1998,NORTH CAROLINA,WARREN,BARLEY,PRODUCTION,BU,13900
1998,NORTH CAROLINA,WARREN,CORN,PRODUCTION,BU,59200
1998,NORTH CAROLINA,WARREN,CORN,PRODUCTION,TONS,9500
1998,NORTH CAROLINA,WARREN,COTTON,PRODUCTION,480 LB BALES,600
1998,NORTH CAROLINA,WARREN,HAY,PRODUCTION,TONS,14300
1998,NORTH CAROLINA,WARREN,OATS,PRODUCTION,BU,22000
1998,NORTH CAROLINA,WARREN,SORGHUM,PRODUCTION,BU,18700
1998,NORTH CAROLINA,WARREN,SOYBEANS,PRODUCTION,BU,146600
1998,NORTH CAROLINA,WARREN,TOBACCO,PRODUCTION,LB,7720000
1998,NORTH CAROLINA,WARREN,WHEAT,PRODUCTION,BU,181500
1998,NORTH CAROLINA,WARREN,WHEAT,PRODUCTION,BU,181500
1998,NORTH CAROLINA,WASHINGTON,CORN,PRODUCTION,BU,2875000
1998,NORTH CAROLINA,WASHINGTON,CORN,PRODUCTION,TONS,1700
1998,NORTH CAROLINA,WASHINGTON,COTTON,PRODUCTION,480 LB BALES,11000
1998,NORTH CAROLINA,WASHINGTON,HAY,PRODUCTION,TONS,2200
1998,NORTH CAROLINA,WASHINGTON,PEANUTS,PRODUCTION,LB,7133000
1998,NORTH CAROLINA,WASHINGTON,POTATOES,PRODUCTION,CWT,556300
1998,NORTH CAROLINA,WASHINGTON,SOYBEANS,PRODUCTION,BU,1425000
1998,NORTH CAROLINA,WASHINGTON,TOBACCO,PRODUCTION,LB,1047000
1998,NORTH CAROLINA,WASHINGTON,WHEAT,PRODUCTION,BU,1100000
1998,NORTH CAROLINA,WASHINGTON,WHEAT,PRODUCTION,BU,1100000
1998,NORTH CAROLINA,WATAUGA,CORN,PRODUCTION,TONS,2600
1998,NORTH CAROLINA,WATAUGA,HAY,PRODUCTION,TONS,15200
1998,NORTH CAROLINA,WATAUGA,TOBACCO,PRODUCTION,LB,962000
1998,NORTH CAROLINA,WAYNE,CORN,PRODUCTION,BU,1273000
1998,NORTH CAROLINA,WAYNE,COTTON,PRODUCTION,480 LB BALES,33000
1998,NORTH CAROLINA,WAYNE,HAY,PRODUCTION,TONS,13000
1998,NORTH CAROLINA,WAYNE,OATS,PRODUCTION,BU,36000
1998,NORTH CAROLINA,WAYNE,SOYBEANS,PRODUCTION,BU,1904000
1998,NORTH CAROLINA,WAYNE,SWEET POTATOES,PRODUCTION,CWT,242100
1998,NORTH CAROLINA,WAYNE,TOBACCO,PRODUCTION,LB,18317000
1998,NORTH CAROLINA,WAYNE,WHEAT,PRODUCTION,BU,1455000
1998,NORTH CAROLINA,WAYNE,WHEAT,PRODUCTION,BU,1455000
1998,NORTH CAROLINA,WILKES,BARLEY,PRODUCTION,BU,21900
1998,NORTH CAROLINA,WILKES,CORN,PRODUCTION,BU,164000
1998,NORTH CAROLINA,WILKES,CORN,PRODUCTION,TONS,29200
1998,NORTH CAROLINA,WILKES,HAY,PRODUCTION,TONS,53300
1998,NORTH CAROLINA,WILKES,SOYBEANS,PRODUCTION,BU,10000
1998,NORTH CAROLINA,WILKES,TOBACCO,PRODUCTION,LB,1747000
1998,NORTH CAROLINA,WILKES,WHEAT,PRODUCTION,BU,7600
1998,NORTH CAROLINA,WILKES,WHEAT,PRODUCTION,BU,7600
1998,NORTH CAROLINA,WILSON,CORN,PRODUCTION,BU,635000
1998,NORTH CAROLINA,WILSON,COTTON,PRODUCTION,480 LB BALES,27000
1998,NORTH CAROLINA,WILSON,HAY,PRODUCTION,TONS,3600
1998,NORTH CAROLINA,WILSON,OATS,PRODUCTION,BU,18000
1998,NORTH CAROLINA,WILSON,PEANUTS,PRODUCTION,LB,120000
1998,NORTH CAROLINA,WILSON,SOYBEANS,PRODUCTION,BU,1064000
1998,NORTH CAROLINA,WILSON,SWEET POTATOES,PRODUCTION,CWT,760000
1998,NORTH CAROLINA,WILSON,TOBACCO,PRODUCTION,LB,21639000
1998,NORTH CAROLINA,WILSON,WHEAT,PRODUCTION,BU,516000
1998,NORTH CAROLINA,WILSON,WHEAT,PRODUCTION,BU,516000
1998,NORTH CAROLINA,YADKIN,BARLEY,PRODUCTION,BU,79500
1998,NORTH CAROLINA,YADKIN,CORN,PRODUCTION,BU,569000
1998,NORTH CAROLINA,YADKIN,CORN,PRODUCTION,TONS,22400
1998,NORTH CAROLINA,YADKIN,HAY,PRODUCTION,TONS,39200
1998,NORTH CAROLINA,YADKIN,SOYBEANS,PRODUCTION,BU,165000
1998,NORTH CAROLINA,YADKIN,TOBACCO,PRODUCTION,LB,9405000
1998,NORTH CAROLINA,YADKIN,WHEAT,PRODUCTION,BU,223000
1998,NORTH CAROLINA,YADKIN,WHEAT,PRODUCTION,BU,223000
1998,NORTH CAROLINA,YANCEY,CORN,PRODUCTION,BU,20600
1998,NORTH CAROLINA,YANCEY,CORN,PRODUCTION,TONS,2300
1998,NORTH CAROLINA,YANCEY,HAY,PRODUCTION,TONS,4300
1998,NORTH CAROLINA,YANCEY,TOBACCO,PRODUCTION,LB,1275000
